Workbook

Sheet Planilha2
A1: Participante | B1: Avaliador | C1: Email | D1: Tipo_aval | E1: login_aval | F1: senha_aval | G1: login_part | H1: senha_part | I1: Resp_Part | J1: Resp_Av1 | K1: email_repres | L1: Tipo_Av | M1: Status | N1: Novo_Avaliador | O1: e-mail novo avaliador | P1: Atualizado? | Q1: Coluna1
A2: Adenilson Lopes de Castro | B2: Adenilson Lopes de Castro | C2: adenilson.castro@enind.com.br | D2: auto | E2: =VLOOKUP(Tabela1[[#This Row],[Avaliador]],Usuários!A:I,COLUMN($H$1),0) -> adenilson.castro | F2: =VLOOKUP(Tabela1[[#This Row],[Avaliador]],Usuários!$A:$I,COLUMN($I$1),0) -> 049ac!@ | G2: =VLOOKUP(Tabela1[[#This Row],[Participante]],Usuários!$A:$I,COLUMN($H$1),0) -> adenilson.castro | H2: =VLOOKUP(Tabela1[[#This Row],[Participante]],Usuários!$A:$I,COLUMN($I$1),0) -> 049ac!@ | I2: Sim | J2: Não | K2: adenilson.castro@enind.com.br | L2: A2 | M2: =IF(Tabela1[[#This Row],[Tipo_aval]]="auto","Ok",IF(ISERROR(VLOOKUP(Tabela1[[#This Row],[Participante]],Atualização!$B:$B,1,FALSE)),"Ok","Atualizar")) -> Ok | N2: =IF(OR(Tabela1[[#This Row],[Status]]="Ok",Tabela1[[#This Row],[Tipo_aval]]="auto"),Tabela1[[#This Row],[Avaliador]],IF(Tabela1[[#This Row],[Tipo_aval]]="Avaliador1",VLOOKUP(Tabela1[[#This Row],[Participante]],Atualização!$B:$J,COLUMN($F$1)-1,FALSE),VLOOKUP(Tabela1[[#This Row],[Participante]],Atualização!$B:$J,COLUMN($H$1)-1,FALSE))) -> Adenilson Lopes de Castro | O2: =IF(IFERROR(VLOOKUP(Tabela1[[#This Row],[Novo_Avaliador]],Usuários!$A:$B,2,FALSE),"")="","",IFERROR(VLOOKUP(Tabela1[[#This Row],[Novo_Avaliador]],Usuários!$A:$B,2,FALSE),"")) -> adenilson.castro@enind.com.br | P2: =IF(Tabela1[[#This Row],[Novo_Avaliador]]=Tabela1[[#This Row],[Avaliador]],"Sim","Não") -> Sim | Q2: =Tabela1[[#This Row],[email_repres]]=Tabela1[[#This Row],[e-mail novo avaliador]] -> TRUE
A3: Silvio Gomes de Almeida | B3: Adenilson Lopes de Castro | C3: adenilson.castro@enind.com.br | D3: avaliador1 | E3: =VLOOKUP(Tabela1[[#This Row],[Avaliador]],Usuários!A:I,COLUMN($H$1),0) -> adenilson.castro | F3: =VLOOKUP(Tabela1[[#This Row],[Avaliador]],Usuários!$A:$I,COLUMN($I$1),0) -> 049ac!@ | G3: =VLOOKUP(Tabela1[[#This Row],[Participante]],Usuários!$A:$I,COLUMN($H$1),0) -> silvio.almeida | H3: =VLOOKUP(Tabela1[[#This Row],[Participante]],Usuários!$A:$I,COLUMN($I$1),0) -> 887sa!@ | I3: Sim | J3: Não | K3: adenilson.castro@enind.com.br | L3: A3 | M3: =IF(Tabela1[[#This Row],[Tipo_aval]]="auto","Ok",IF(ISERROR(VLOOKUP(Tabela1[[#This Row],[Participante]],Atualização!$B:$B,1,FALSE)),"Ok","Atualizar")) -> Ok | N3: =IF(OR(Tabela1[[#This Row],[Status]]="Ok",Tabela1[[#This Row],[Tipo_aval]]="auto"),Tabela1[[#This Row],[Avaliador]],IF(Tabela1[[#This Row],[Tipo_aval]]="Avaliador1",VLOOKUP(Tabela1[[#This Row],[Participante]],Atualização!$B:$J,COLUMN($F$1)-1,FALSE),VLOOKUP(Tabela1[[#This Row],[Participante]],Atualização!$B:$J,COLUMN($H$1)-1,FALSE))) -> Adenilson Lopes de Castro | O3: =IF(IFERROR(VLOOKUP(Tabela1[[#This Row],[Novo_Avaliador]],Usuários!$A:$B,2,FALSE),"")="","",IFERROR(VLOOKUP(Tabela1[[#This Row],[Novo_Avaliador]],Usuários!$A:$B,2,FALSE),"")) -> adenilson.castro@enind.com.br | P3: =IF(Tabela1[[#This Row],[Novo_Avaliador]]=Tabela1[[#This Row],[Avaliador]],"Sim","Não") -> Sim | Q3: =Tabela1[[#This Row],[email_repres]]=Tabela1[[#This Row],[e-mail novo avaliador]] -> TRUE
A4: Alessandra Maria Tambellini | B4: Alessandra Maria Tambellini | C4: alessandra.tambellini@enind.com.br | D4: auto | E4: =VLOOKUP(Tabela1[[#This Row],[Avaliador]],Usuários!A:I,COLUMN($H$1),0) -> alessandra.tambellini | F4: =VLOOKUP(Tabela1[[#This Row],[Avaliador]],Usuários!$A:$I,COLUMN($I$1),0) -> 386at!@ | G4: =VLOOKUP(Tabela1[[#This Row],[Participante]],Usuários!$A:$I,COLUMN($H$1),0) -> alessandra.tambellini | H4: =VLOOKUP(Tabela1[[#This Row],[Participante]],Usuários!$A:$I,COLUMN($I$1),0) -> 386at!@ | I4: Sim | J4: Não | K4: alessandra.tambellini@enind.com.br | L4: A2 | M4: =IF(Tabela1[[#This Row],[Tipo_aval]]="auto","Ok",IF(ISERROR(VLOOKUP(Tabela1[[#This Row],[Participante]],Atualização!$B:$B,1,FALSE)),"Ok","Atualizar")) -> Ok | N4: =IF(OR(Tabela1[[#This Row],[Status]]="Ok",Tabela1[[#This Row],[Tipo_aval]]="auto"),Tabela1[[#This Row],[Avaliador]],IF(Tabela1[[#This Row],[Tipo_aval]]="Avaliador1",VLOOKUP(Tabela1[[#This Row],[Participante]],Atualização!$B:$J,COLUMN($F$1)-1,FALSE),VLOOKUP(Tabela1[[#This Row],[Participante]],Atualização!$B:$J,COLUMN($H$1)-1,FALSE))) -> Alessandra Maria Tambellini | O4: =IF(IFERROR(VLOOKUP(Tabela1[[#This Row],[Novo_Avaliador]],Usuários!$A:$B,2,FALSE),"")="","",IFERROR(VLOOKUP(Tabela1[[#This Row],[Novo_Avaliador]],Usuários!$A:$B,2,FALSE),"")) -> alessandra.tambellini@enind.com.br | P4: =IF(Tabela1[[#This Row],[Novo_Avaliador]]=Tabela1[[#This Row],[Avaliador]],"Sim","Não") -> Sim | Q4: =Tabela1[[#This Row],[email_repres]]=Tabela1[[#This Row],[e-mail novo avaliador]] -> TRUE
A5: Alexandre Armelin | B5: Alexandre Armelin | C5: alexandre.armelin@enind.com.br | D5: auto | E5: =VLOOKUP(Tabela1[[#This Row],[Avaliador]],Usuários!A:I,COLUMN($H$1),0) -> alexandre.armelin | F5: =VLOOKUP(Tabela1[[#This Row],[Avaliador]],Usuários!$A:$I,COLUMN($I$1),0) -> 729aa!@ | G5: =VLOOKUP(Tabela1[[#This Row],[Participante]],Usuários!$A:$I,COLUMN($H$1),0) -> alexandre.armelin | H5: =VLOOKUP(Tabela1[[#This Row],[Participante]],Usuários!$A:$I,COLUMN($I$1),0) -> 729aa!@ | I5: Sim | J5: Não | K5: alexandre.armelin@enind.com.br | L5: A2 | M5: =IF(Tabela1[[#This Row],[Tipo_aval]]="auto","Ok",IF(ISERROR(VLOOKUP(Tabela1[[#This Row],[Participante]],Atualização!$B:$B,1,FALSE)),"Ok","Atualizar")) -> Ok | N5: =IF(OR(Tabela1[[#This Row],[Status]]="Ok",Tabela1[[#This Row],[Tipo_aval]]="auto"),Tabela1[[#This Row],[Avaliador]],IF(Tabela1[[#This Row],[Tipo_aval]]="Avaliador1",VLOOKUP(Tabela1[[#This Row],[Participante]],Atualização!$B:$J,COLUMN($F$1)-1,FALSE),VLOOKUP(Tabela1[[#This Row],[Participante]],Atualização!$B:$J,COLUMN($H$1)-1,FALSE))) -> Alexandre Armelin | O5: =IF(IFERROR(VLOOKUP(Tabela1[[#This Row],[Novo_Avaliador]],Usuários!$A:$B,2,FALSE),"")="","",IFERROR(VLOOKUP(Tabela1[[#This Row],[Novo_Avaliador]],Usuários!$A:$B,2,FALSE),"")) -> alexandre.armelin@enind.com.br | P5: =IF(Tabela1[[#This Row],[Novo_Avaliador]]=Tabela1[[#This Row],[Avaliador]],"Sim","Não") -> Sim | Q5: =Tabela1[[#This Row],[email_repres]]=Tabela1[[#This Row],[e-mail novo avaliador]] -> TRUE
A6: Alexandro Bezerra de Araujo | B6: Alexandro Bezerra de Araujo | C6: alexandro.araujo@enind.com.br | D6: auto | E6: =VLOOKUP(Tabela1[[#This Row],[Avaliador]],Usuários!A:I,COLUMN($H$1),0) -> alexandro.araujo | F6: =VLOOKUP(Tabela1[[#This Row],[Avaliador]],Usuários!$A:$I,COLUMN($I$1),0) -> 240aa!@ | G6: =VLOOKUP(Tabela1[[#This Row],[Participante]],Usuários!$A:$I,COLUMN($H$1),0) -> alexandro.araujo | H6: =VLOOKUP(Tabela1[[#This Row],[Participante]],Usuários!$A:$I,COLUMN($I$1),0) -> 240aa!@ | I6: Sim | J6: Não | K6: alexandro.araujo@enind.com.br | L6: A2 | M6: =IF(Tabela1[[#This Row],[Tipo_aval]]="auto","Ok",IF(ISERROR(VLOOKUP(Tabela1[[#This Row],[Participante]],Atualização!$B:$B,1,FALSE)),"Ok","Atualizar")) -> Ok | N6: =IF(OR(Tabela1[[#This Row],[Status]]="Ok",Tabela1[[#This Row],[Tipo_aval]]="auto"),Tabela1[[#This Row],[Avaliador]],IF(Tabela1[[#This Row],[Tipo_aval]]="Avaliador1",VLOOKUP(Tabela1[[#This Row],[Participante]],Atualização!$B:$J,COLUMN($F$1)-1,FALSE),VLOOKUP(Tabela1[[#This Row],[Participante]],Atualização!$B:$J,COLUMN($H$1)-1,FALSE))) -> Alexandro Bezerra de Araujo | O6: =IF(IFERROR(VLOOKUP(Tabela1[[#This Row],[Novo_Avaliador]],Usuários!$A:$B,2,FALSE),"")="","",IFERROR(VLOOKUP(Tabela1[[#This Row],[Novo_Avaliador]],Usuários!$A:$B,2,FALSE),"")) -> alexandro.araujo@enind.com.br | P6: =IF(Tabela1[[#This Row],[Novo_Avaliador]]=Tabela1[[#This Row],[Avaliador]],"Sim","Não") -> Sim | Q6: =Tabela1[[#This Row],[email_repres]]=Tabela1[[#This Row],[e-mail novo avaliador]] -> TRUE
A7: Amanda Silva Costa Oliveira | B7: Amanda Silva Costa Oliveira | C7: amanda.oliveira@enind.com.br | D7: auto | E7: =VLOOKUP(Tabela1[[#This Row],[Avaliador]],Usuários!A:I,COLUMN($H$1),0) -> amanda.oliveira | F7: =VLOOKUP(Tabela1[[#This Row],[Avaliador]],Usuários!$A:$I,COLUMN($I$1),0) -> 894ao!@ | G7: =VLOOKUP(Tabela1[[#This Row],[Participante]],Usuários!$A:$I,COLUMN($H$1),0) -> amanda.oliveira | H7: =VLOOKUP(Tabela1[[#This Row],[Participante]],Usuários!$A:$I,COLUMN($I$1),0) -> 894ao!@ | I7: Sim | J7: Não | K7: amanda.costa@enind.com.br | L7: A2 | M7: =IF(Tabela1[[#This Row],[Tipo_aval]]="auto","Ok",IF(ISERROR(VLOOKUP(Tabela1[[#This Row],[Participante]],Atualização!$B:$B,1,FALSE)),"Ok","Atualizar")) -> Ok | N7: =IF(OR(Tabela1[[#This Row],[Status]]="Ok",Tabela1[[#This Row],[Tipo_aval]]="auto"),Tabela1[[#This Row],[Avaliador]],IF(Tabela1[[#This Row],[Tipo_aval]]="Avaliador1",VLOOKUP(Tabela1[[#This Row],[Participante]],Atualização!$B:$J,COLUMN($F$1)-1,FALSE),VLOOKUP(Tabela1[[#This Row],[Participante]],Atualização!$B:$J,COLUMN($H$1)-1,FALSE))) -> Amanda Silva Costa Oliveira | O7: =IF(IFERROR(VLOOKUP(Tabela1[[#This Row],[Novo_Avaliador]],Usuários!$A:$B,2,FALSE),"")="","",IFERROR(VLOOKUP(Tabela1[[#This Row],[Novo_Avaliador]],Usuários!$A:$B,2,FALSE),"")) -> amanda.costa@enind.com.br | P7: =IF(Tabela1[[#This Row],[Novo_Avaliador]]=Tabela1[[#This Row],[Avaliador]],"Sim","Não") -> Sim | Q7: =Tabela1[[#This Row],[email_repres]]=Tabela1[[#This Row],[e-mail novo avaliador]] -> TRUE
A8: Amanda Nunes Paixao | B8: Amanda Nunes Paixao | C8: amanda.paixao@enind.com.br | D8: auto | E8: =VLOOKUP(Tabela1[[#This Row],[Avaliador]],Usuários!A:I,COLUMN($H$1),0) -> amanda.paixao | F8: =VLOOKUP(Tabela1[[#This Row],[Avaliador]],Usuários!$A:$I,COLUMN($I$1),0) -> 634ap!@ | G8: =VLOOKUP(Tabela1[[#This Row],[Participante]],Usuários!$A:$I,COLUMN($H$1),0) -> amanda.paixao | H8: =VLOOKUP(Tabela1[[#This Row],[Participante]],Usuários!$A:$I,COLUMN($I$1),0) -> 634ap!@ | I8: Sim | J8: Não | K8: amanda.paixao@enind.com.br | L8: A2 | M8: =IF(Tabela1[[#This Row],[Tipo_aval]]="auto","Ok",IF(ISERROR(VLOOKUP(Tabela1[[#This Row],[Participante]],Atualização!$B:$B,1,FALSE)),"Ok","Atualizar")) -> Ok | N8: =IF(OR(Tabela1[[#This Row],[Status]]="Ok",Tabela1[[#This Row],[Tipo_aval]]="auto"),Tabela1[[#This Row],[Avaliador]],IF(Tabela1[[#This Row],[Tipo_aval]]="Avaliador1",VLOOKUP(Tabela1[[#This Row],[Participante]],Atualização!$B:$J,COLUMN($F$1)-1,FALSE),VLOOKUP(Tabela1[[#This Row],[Participante]],Atualização!$B:$J,COLUMN($H$1)-1,FALSE))) -> Amanda Nunes Paixao | O8: =IF(IFERROR(VLOOKUP(Tabela1[[#This Row],[Novo_Avaliador]],Usuários!$A:$B,2,FALSE),"")="","",IFERROR(VLOOKUP(Tabela1[[#This Row],[Novo_Avaliador]],Usuários!$A:$B,2,FALSE),"")) -> amanda.paixao@enind.com.br | P8: =IF(Tabela1[[#This Row],[Novo_Avaliador]]=Tabela1[[#This Row],[Avaliador]],"Sim","Não") -> Sim | Q8: =Tabela1[[#This Row],[email_repres]]=Tabela1[[#This Row],[e-mail novo avaliador]] -> TRUE
A9: Anderson Domingues da Silva | B9: Anderson Domingues da Silva | C9: anderson.domingues@enind.com.br | D9: auto | E9: =VLOOKUP(Tabela1[[#This Row],[Avaliador]],Usuários!A:I,COLUMN($H$1),0) -> anderson.domingues | F9: =VLOOKUP(Tabela1[[#This Row],[Avaliador]],Usuários!$A:$I,COLUMN($I$1),0) -> 010ad!@ | G9: =VLOOKUP(Tabela1[[#This Row],[Participante]],Usuários!$A:$I,COLUMN($H$1),0) -> anderson.domingues | H9: =VLOOKUP(Tabela1[[#This Row],[Participante]],Usuários!$A:$I,COLUMN($I$1),0) -> 010ad!@ | I9: Sim | J9: Não | K9: anderson.domingues@enind.com.br | L9: A2 | M9: =IF(Tabela1[[#This Row],[Tipo_aval]]="auto","Ok",IF(ISERROR(VLOOKUP(Tabela1[[#This Row],[Participante]],Atualização!$B:$B,1,FALSE)),"Ok","Atualizar")) -> Ok | N9: =IF(OR(Tabela1[[#This Row],[Status]]="Ok",Tabela1[[#This Row],[Tipo_aval]]="auto"),Tabela1[[#This Row],[Avaliador]],IF(Tabela1[[#This Row],[Tipo_aval]]="Avaliador1",VLOOKUP(Tabela1[[#This Row],[Participante]],Atualização!$B:$J,COLUMN($F$1)-1,FALSE),VLOOKUP(Tabela1[[#This Row],[Participante]],Atualização!$B:$J,COLUMN($H$1)-1,FALSE))) -> Anderson Domingues da Silva | O9: =IF(IFERROR(VLOOKUP(Tabela1[[#This Row],[Novo_Avaliador]],Usuários!$A:$B,2,FALSE),"")="","",IFERROR(VLOOKUP(Tabela1[[#This Row],[Novo_Avaliador]],Usuários!$A:$B,2,FALSE),"")) -> anderson.domingues@enind.com.br | P9: =IF(Tabela1[[#This Row],[Novo_Avaliador]]=Tabela1[[#This Row],[Avaliador]],"Sim","Não") -> Sim | Q9: =Tabela1[[#This Row],[email_repres]]=Tabela1[[#This Row],[e-mail novo avaliador]] -> TRUE
A10: Andre dos Santos Eusebio | B10: Andre dos Santos Eusebio | C10: andre.eusebio@enind.com.br | D10: auto | E10: =VLOOKUP(Tabela1[[#This Row],[Avaliador]],Usuários!A:I,COLUMN($H$1),0) -> andre.eusebio | F10: =VLOOKUP(Tabela1[[#This Row],[Avaliador]],Usuários!$A:$I,COLUMN($I$1),0) -> 179ae!@ | G10: =VLOOKUP(Tabela1[[#This Row],[Participante]],Usuários!$A:$I,COLUMN($H$1),0) -> andre.eusebio | H10: =VLOOKUP(Tabela1[[#This Row],[Participante]],Usuários!$A:$I,COLUMN($I$1),0) -> 179ae!@ | I10: Sim | J10: Não | K10: andre.eusebio@enind.com.br | L10: A2 | M10: =IF(Tabela1[[#This Row],[Tipo_aval]]="auto","Ok",IF(ISERROR(VLOOKUP(Tabela1[[#This Row],[Participante]],Atualização!$B:$B,1,FALSE)),"Ok","Atualizar")) -> Ok | N10: =IF(OR(Tabela1[[#This Row],[Status]]="Ok",Tabela1[[#This Row],[Tipo_aval]]="auto"),Tabela1[[#This Row],[Avaliador]],IF(Tabela1[[#This Row],[Tipo_aval]]="Avaliador1",VLOOKUP(Tabela1[[#This Row],[Participante]],Atualização!$B:$J,COLUMN($F$1)-1,FALSE),VLOOKUP(Tabela1[[#This Row],[Participante]],Atualização!$B:$J,COLUMN($H$1)-1,FALSE))) -> Andre dos Santos Eusebio | O10: =IF(IFERROR(VLOOKUP(Tabela1[[#This Row],[Novo_Avaliador]],Usuários!$A:$B,2,FALSE),"")="","",IFERROR(VLOOKUP(Tabela1[[#This Row],[Novo_Avaliador]],Usuários!$A:$B,2,FALSE),"")) -> andre.eusebio@enind.com.br | P10: =IF(Tabela1[[#This Row],[Novo_Avaliador]]=Tabela1[[#This Row],[Avaliador]],"Sim","Não") -> Sim | Q10: =Tabela1[[#This Row],[email_repres]]=Tabela1[[#This Row],[e-mail novo avaliador]] -> TRUE
A11: Andre Luiz do Nascimento | B11: Andre Luiz do Nascimento | C11: andre.nascimento@enindservicos.com.br | D11: auto | E11: =VLOOKUP(Tabela1[[#This Row],[Avaliador]],Usuários!A:I,COLUMN($H$1),0) -> andre.nascimento | F11: =VLOOKUP(Tabela1[[#This Row],[Avaliador]],Usuários!$A:$I,COLUMN($I$1),0) -> 813an!@ | G11: =VLOOKUP(Tabela1[[#This Row],[Participante]],Usuários!$A:$I,COLUMN($H$1),0) -> andre.nascimento | H11: =VLOOKUP(Tabela1[[#This Row],[Participante]],Usuários!$A:$I,COLUMN($I$1),0) -> 813an!@ | I11: Sim | J11: Não | K11: andre.nascimento@enindservicos.com.br | L11: A2 | M11: =IF(Tabela1[[#This Row],[Tipo_aval]]="auto","Ok",IF(ISERROR(VLOOKUP(Tabela1[[#This Row],[Participante]],Atualização!$B:$B,1,FALSE)),"Ok","Atualizar")) -> Ok | N11: =IF(OR(Tabela1[[#This Row],[Status]]="Ok",Tabela1[[#This Row],[Tipo_aval]]="auto"),Tabela1[[#This Row],[Avaliador]],IF(Tabela1[[#This Row],[Tipo_aval]]="Avaliador1",VLOOKUP(Tabela1[[#This Row],[Participante]],Atualização!$B:$J,COLUMN($F$1)-1,FALSE),VLOOKUP(Tabela1[[#This Row],[Participante]],Atualização!$B:$J,COLUMN($H$1)-1,FALSE))) -> Andre Luiz do Nascimento | O11: =IF(IFERROR(VLOOKUP(Tabela1[[#This Row],[Novo_Avaliador]],Usuários!$A:$B,2,FALSE),"")="","",IFERROR(VLOOKUP(Tabela1[[#This Row],[Novo_Avaliador]],Usuários!$A:$B,2,FALSE),"")) -> andre.nascimento@enindservicos.com.br | P11: =IF(Tabela1[[#This Row],[Novo_Avaliador]]=Tabela1[[#This Row],[Avaliador]],"Sim","Não") -> Sim | Q11: =Tabela1[[#This Row],[email_repres]]=Tabela1[[#This Row],[e-mail novo avaliador]] -> TRUE
A12: Antonio Luis Ribeiro de Almeida Junior | B12: Antonio Luis Ribeiro de Almeida Junior | C12: antonio.almeida@enind.com.br | D12: auto | E12: =VLOOKUP(Tabela1[[#This Row],[Avaliador]],Usuários!A:I,COLUMN($H$1),0) -> antonio.almeida | F12: =VLOOKUP(Tabela1[[#This Row],[Avaliador]],Usuários!$A:$I,COLUMN($I$1),0) -> 517aa!@ | G12: =VLOOKUP(Tabela1[[#This Row],[Participante]],Usuários!$A:$I,COLUMN($H$1),0) -> antonio.almeida | H12: =VLOOKUP(Tabela1[[#This Row],[Participante]],Usuários!$A:$I,COLUMN($I$1),0) -> 517aa!@ | I12: Sim | J12: Não | K12: antonio.almeida@enind.com.br | L12: A2 | M12: =IF(Tabela1[[#This Row],[Tipo_aval]]="auto","Ok",IF(ISERROR(VLOOKUP(Tabela1[[#This Row],[Participante]],Atualização!$B:$B,1,FALSE)),"Ok","Atualizar")) -> Ok | N12: =IF(OR(Tabela1[[#This Row],[Status]]="Ok",Tabela1[[#This Row],[Tipo_aval]]="auto"),Tabela1[[#This Row],[Avaliador]],IF(Tabela1[[#This Row],[Tipo_aval]]="Avaliador1",VLOOKUP(Tabela1[[#This Row],[Participante]],Atualização!$B:$J,COLUMN($F$1)-1,FALSE),VLOOKUP(Tabela1[[#This Row],[Participante]],Atualização!$B:$J,COLUMN($H$1)-1,FALSE))) -> Antonio Luis Ribeiro de Almeida Junior | O12: =IF(IFERROR(VLOOKUP(Tabela1[[#This Row],[Novo_Avaliador]],Usuários!$A:$B,2,FALSE),"")="","",IFERROR(VLOOKUP(Tabela1[[#This Row],[Novo_Avaliador]],Usuários!$A:$B,2,FALSE),"")) -> antonio.almeida@enind.com.br | P12: =IF(Tabela1[[#This Row],[Novo_Avaliador]]=Tabela1[[#This Row],[Avaliador]],"Sim","Não") -> Sim | Q12: =Tabela1[[#This Row],[email_repres]]=Tabela1[[#This Row],[e-mail novo avaliador]] -> TRUE
A13: Fabiano Brenno de Sousa | B13: Antonio Aloisio Ferreira do Santos Filho | C13: antonio.santos@enind.com.br | D13: avaliador1 | E13: =VLOOKUP(Tabela1[[#This Row],[Avaliador]],Usuários!A:I,COLUMN($H$1),0) -> antonio.aloisio | F13: =VLOOKUP(Tabela1[[#This Row],[Avaliador]],Usuários!$A:$I,COLUMN($I$1),0) -> 906aa!@ | G13: =VLOOKUP(Tabela1[[#This Row],[Participante]],Usuários!$A:$I,COLUMN($H$1),0) -> fabiano.sousa | H13: =VLOOKUP(Tabela1[[#This Row],[Participante]],Usuários!$A:$I,COLUMN($I$1),0) -> 668fs!@ | I13: Não | J13: Não | K13: antonio.santos@enind.com.br | L13: A2 | M13: =IF(Tabela1[[#This Row],[Tipo_aval]]="auto","Ok",IF(ISERROR(VLOOKUP(Tabela1[[#This Row],[Participante]],Atualização!$B:$B,1,FALSE)),"Ok","Atualizar")) -> Ok | N13: =IF(OR(Tabela1[[#This Row],[Status]]="Ok",Tabela1[[#This Row],[Tipo_aval]]="auto"),Tabela1[[#This Row],[Avaliador]],IF(Tabela1[[#This Row],[Tipo_aval]]="Avaliador1",VLOOKUP(Tabela1[[#This Row],[Participante]],Atualização!$B:$J,COLUMN($F$1)-1,FALSE),VLOOKUP(Tabela1[[#This Row],[Participante]],Atualização!$B:$J,COLUMN($H$1)-1,FALSE))) -> Antonio Aloisio Ferreira do Santos Filho | O13: =IF(IFERROR(VLOOKUP(Tabela1[[#This Row],[Novo_Avaliador]],Usuários!$A:$B,2,FALSE),"")="","",IFERROR(VLOOKUP(Tabela1[[#This Row],[Novo_Avaliador]],Usuários!$A:$B,2,FALSE),"")) -> antonio.santos@enind.com.br | P13: =IF(Tabela1[[#This Row],[Novo_Avaliador]]=Tabela1[[#This Row],[Avaliador]],"Sim","Não") -> Sim | Q13: =Tabela1[[#This Row],[email_repres]]=Tabela1[[#This Row],[e-mail novo avaliador]] -> TRUE
... A18: Antonio Aloisio Ferreira dos Santos Filho | B18: Antonio Aloisio Ferreira dos Santos Filho | C18: antonio.santos@enind.com.br | D18: auto | E18: =VLOOKUP(Tabela1[[#This Row],[Avaliador]],Usuários!A:I,COLUMN($H$1),0) -> antonio.santos | F18: =VLOOKUP(Tabela1[[#This Row],[Avaliador]],Usuários!$A:$I,COLUMN($I$1),0) -> 391as!@ | G18: =VLOOKUP(Tabela1[[#This Row],[Participante]],Usuários!$A:$I,COLUMN($H$1),0) -> antonio.santos | H18: =VLOOKUP(Tabela1[[#This Row],[Participante]],Usuários!$A:$I,COLUMN($I$1),0) -> 391as!@ | I18: Sim | J18: Não | K18: antonio.santos@enind.com.br | L18: A1 | M18: =IF(Tabela1[[#This Row],[Tipo_aval]]="auto","Ok",IF(ISERROR(VLOOKUP(Tabela1[[#This Row],[Participante]],Atualização!$B:$B,1,FALSE)),"Ok","Atualizar")) -> Ok | N18: =IF(OR(Tabela1[[#This Row],[Status]]="Ok",Tabela1[[#This Row],[Tipo_aval]]="auto"),Tabela1[[#This Row],[Avaliador]],IF(Tabela1[[#This Row],[Tipo_aval]]="Avaliador1",VLOOKUP(Tabela1[[#This Row],[Participante]],Atualização!$B:$J,COLUMN($F$1)-1,FALSE),VLOOKUP(Tabela1[[#This Row],[Participante]],Atualização!$B:$J,COLUMN($H$1)-1,FALSE))) -> Antonio Aloisio Ferreira dos Santos Filho | O18: =IF(IFERROR(VLOOKUP(Tabela1[[#This Row],[Novo_Avaliador]],Usuários!$A:$B,2,FALSE),"")="","",IFERROR(VLOOKUP(Tabela1[[#This Row],[Novo_Avaliador]],Usuários!$A:$B,2,FALSE),"")) -> antonio.santos@enind.com.br | P18: =IF(Tabela1[[#This Row],[Novo_Avaliador]]=Tabela1[[#This Row],[Avaliador]],"Sim","Não") -> Sim | Q18: =Tabela1[[#This Row],[email_repres]]=Tabela1[[#This Row],[e-mail novo avaliador]] -> TRUE
A19: Juliana Matos Santos | B19: Antonio Aloisio Ferreira do Santos Filho | C19: antonio.santos@enind.com.br | D19: avaliador1 | E19: =VLOOKUP(Tabela1[[#This Row],[Avaliador]],Usuários!A:I,COLUMN($H$1),0) -> antonio.aloisio | F19: =VLOOKUP(Tabela1[[#This Row],[Avaliador]],Usuários!$A:$I,COLUMN($I$1),0) -> 906aa!@ | G19: =VLOOKUP(Tabela1[[#This Row],[Participante]],Usuários!$A:$I,COLUMN($H$1),0) -> juliana.santos | H19: =VLOOKUP(Tabela1[[#This Row],[Participante]],Usuários!$A:$I,COLUMN($I$1),0) -> 780js!@ | I19: Não | J19: Não | K19: =Tabela1[[#This Row],[Email]] -> antonio.santos@enind.com.br | L19: A2 | M19: =IF(Tabela1[[#This Row],[Tipo_aval]]="auto","Ok",IF(ISERROR(VLOOKUP(Tabela1[[#This Row],[Participante]],Atualização!$B:$B,1,FALSE)),"Ok","Atualizar")) -> Atualizar | N19: =IF(OR(Tabela1[[#This Row],[Status]]="Ok",Tabela1[[#This Row],[Tipo_aval]]="auto"),Tabela1[[#This Row],[Avaliador]],IF(Tabela1[[#This Row],[Tipo_aval]]="Avaliador1",VLOOKUP(Tabela1[[#This Row],[Participante]],Atualização!$B:$J,COLUMN($F$1)-1,FALSE),VLOOKUP(Tabela1[[#This Row],[Participante]],Atualização!$B:$J,COLUMN($H$1)-1,FALSE))) -> Antonio Aloisio Ferreira do Santos Filho | O19: =IF(IFERROR(VLOOKUP(Tabela1[[#This Row],[Novo_Avaliador]],Usuários!$A:$B,2,FALSE),"")="","",IFERROR(VLOOKUP(Tabela1[[#This Row],[Novo_Avaliador]],Usuários!$A:$B,2,FALSE),"")) -> antonio.santos@enind.com.br | P19: =IF(Tabela1[[#This Row],[Novo_Avaliador]]=Tabela1[[#This Row],[Avaliador]],"Sim","Não") -> Sim | Q19: =Tabela1[[#This Row],[email_repres]]=Tabela1[[#This Row],[e-mail novo avaliador]] -> TRUE
A20: Augusto Cesar Eloi de Freitas | B20: Augusto Cesar Eloi de Freitas | C20: augusto.freitas@enind.com.br | D20: auto | E20: =VLOOKUP(Tabela1[[#This Row],[Avaliador]],Usuários!A:I,COLUMN($H$1),0) -> augusto.freitas | F20: =VLOOKUP(Tabela1[[#This Row],[Avaliador]],Usuários!$A:$I,COLUMN($I$1),0) -> 042af!@ | G20: =VLOOKUP(Tabela1[[#This Row],[Participante]],Usuários!$A:$I,COLUMN($H$1),0) -> augusto.freitas | H20: =VLOOKUP(Tabela1[[#This Row],[Participante]],Usuários!$A:$I,COLUMN($I$1),0) -> 042af!@ | I20: Sim | J20: Não | K20: augusto.freitas@enind.com.br | L20: A1 | M20: =IF(Tabela1[[#This Row],[Tipo_aval]]="auto","Ok",IF(ISERROR(VLOOKUP(Tabela1[[#This Row],[Participante]],Atualização!$B:$B,1,FALSE)),"Ok","Atualizar")) -> Ok | N20: =IF(OR(Tabela1[[#This Row],[Status]]="Ok",Tabela1[[#This Row],[Tipo_aval]]="auto"),Tabela1[[#This Row],[Avaliador]],IF(Tabela1[[#This Row],[Tipo_aval]]="Avaliador1",VLOOKUP(Tabela1[[#This Row],[Participante]],Atualização!$B:$J,COLUMN($F$1)-1,FALSE),VLOOKUP(Tabela1[[#This Row],[Participante]],Atualização!$B:$J,COLUMN($H$1)-1,FALSE))) -> Augusto Cesar Eloi de Freitas | O20: =IF(IFERROR(VLOOKUP(Tabela1[[#This Row],[Novo_Avaliador]],Usuários!$A:$B,2,FALSE),"")="","",IFERROR(VLOOKUP(Tabela1[[#This Row],[Novo_Avaliador]],Usuários!$A:$B,2,FALSE),"")) -> augusto.freitas@enind.com.br | P20: =IF(Tabela1[[#This Row],[Novo_Avaliador]]=Tabela1[[#This Row],[Avaliador]],"Sim","Não") -> Sim | Q20: =Tabela1[[#This Row],[email_repres]]=Tabela1[[#This Row],[e-mail novo avaliador]] -> TRUE
A21: Andre dos Santos Eusebio | B21: Augusto Cesar Eloi de Freitas | C21: augusto.freitas@enind.com.br | D21: avaliador1 | E21: =VLOOKUP(Tabela1[[#This Row],[Avaliador]],Usuários!A:I,COLUMN($H$1),0) -> augusto.freitas | F21: =VLOOKUP(Tabela1[[#This Row],[Avaliador]],Usuários!$A:$I,COLUMN($I$1),0) -> 042af!@ | G21: =VLOOKUP(Tabela1[[#This Row],[Participante]],Usuários!$A:$I,COLUMN($H$1),0) -> andre.eusebio | H21: =VLOOKUP(Tabela1[[#This Row],[Participante]],Usuários!$A:$I,COLUMN($I$1),0) -> 179ae!@ | I21: Não | J21: Não | K21: augusto.freitas@enind.com.br | L21: A2 | M21: =IF(Tabela1[[#This Row],[Tipo_aval]]="auto","Ok",IF(ISERROR(VLOOKUP(Tabela1[[#This Row],[Participante]],Atualização!$B:$B,1,FALSE)),"Ok","Atualizar")) -> Ok | N21: =IF(OR(Tabela1[[#This Row],[Status]]="Ok",Tabela1[[#This Row],[Tipo_aval]]="auto"),Tabela1[[#This Row],[Avaliador]],IF(Tabela1[[#This Row],[Tipo_aval]]="Avaliador1",VLOOKUP(Tabela1[[#This Row],[Participante]],Atualização!$B:$J,COLUMN($F$1)-1,FALSE),VLOOKUP(Tabela1[[#This Row],[Participante]],Atualização!$B:$J,COLUMN($H$1)-1,FALSE))) -> Augusto Cesar Eloi de Freitas | O21: =IF(IFERROR(VLOOKUP(Tabela1[[#This Row],[Novo_Avaliador]],Usuários!$A:$B,2,FALSE),"")="","",IFERROR(VLOOKUP(Tabela1[[#This Row],[Novo_Avaliador]],Usuários!$A:$B,2,FALSE),"")) -> augusto.freitas@enind.com.br | P21: =IF(Tabela1[[#This Row],[Novo_Avaliador]]=Tabela1[[#This Row],[Avaliador]],"Sim","Não") -> Sim | Q21: =Tabela1[[#This Row],[email_repres]]=Tabela1[[#This Row],[e-mail novo avaliador]] -> TRUE
A22: Augusto Cesar Nogueira Junqueira | B22: Augusto Cesar Eloi de Freitas | C22: augusto.freitas@enind.com.br | D22: avaliador1 | E22: =VLOOKUP(Tabela1[[#This Row],[Avaliador]],Usuários!A:I,COLUMN($H$1),0) -> augusto.freitas | F22: =VLOOKUP(Tabela1[[#This Row],[Avaliador]],Usuários!$A:$I,COLUMN($I$1),0) -> 042af!@ | G22: =VLOOKUP(Tabela1[[#This Row],[Participante]],Usuários!$A:$I,COLUMN($H$1),0) -> augusto.junqueira | H22: =VLOOKUP(Tabela1[[#This Row],[Participante]],Usuários!$A:$I,COLUMN($I$1),0) -> 100aj!@ | I22: Não | J22: Não | K22: augusto.freitas@enind.com.br | L22: A2 | M22: =IF(Tabela1[[#This Row],[Tipo_aval]]="auto","Ok",IF(ISERROR(VLOOKUP(Tabela1[[#This Row],[Participante]],Atualização!$B:$B,1,FALSE)),"Ok","Atualizar")) -> Ok | N22: =IF(OR(Tabela1[[#This Row],[Status]]="Ok",Tabela1[[#This Row],[Tipo_aval]]="auto"),Tabela1[[#This Row],[Avaliador]],IF(Tabela1[[#This Row],[Tipo_aval]]="Avaliador1",VLOOKUP(Tabela1[[#This Row],[Participante]],Atualização!$B:$J,COLUMN($F$1)-1,FALSE),VLOOKUP(Tabela1[[#This Row],[Participante]],Atualização!$B:$J,COLUMN($H$1)-1,FALSE))) -> Augusto Cesar Eloi de Freitas | O22: =IF(IFERROR(VLOOKUP(Tabela1[[#This Row],[Novo_Avaliador]],Usuários!$A:$B,2,FALSE),"")="","",IFERROR(VLOOKUP(Tabela1[[#This Row],[Novo_Avaliador]],Usuários!$A:$B,2,FALSE),"")) -> augusto.freitas@enind.com.br | P22: =IF(Tabela1[[#This Row],[Novo_Avaliador]]=Tabela1[[#This Row],[Avaliador]],"Sim","Não") -> Sim | Q22: =Tabela1[[#This Row],[email_repres]]=Tabela1[[#This Row],[e-mail novo avaliador]] -> TRUE
A23: Luan Henrique Alves de Carvalho | B23: Augusto Cesar Eloi de Freitas | C23: augusto.freitas@enind.com.br | D23: avaliador1 | E23: =VLOOKUP(Tabela1[[#This Row],[Avaliador]],Usuários!A:I,COLUMN($H$1),0) -> augusto.freitas | F23: =VLOOKUP(Tabela1[[#This Row],[Avaliador]],Usuários!$A:$I,COLUMN($I$1),0) -> 042af!@ | G23: =VLOOKUP(Tabela1[[#This Row],[Participante]],Usuários!$A:$I,COLUMN($H$1),0) -> luan.carvalho | H23: =VLOOKUP(Tabela1[[#This Row],[Participante]],Usuários!$A:$I,COLUMN($I$1),0) -> 889lc!@ | I23: Não | J23: Não | K23: augusto.freitas@enind.com.br | L23: A2 | M23: =IF(Tabela1[[#This Row],[Tipo_aval]]="auto","Ok",IF(ISERROR(VLOOKUP(Tabela1[[#This Row],[Participante]],Atualização!$B:$B,1,FALSE)),"Ok","Atualizar")) -> Ok | N23: =IF(OR(Tabela1[[#This Row],[Status]]="Ok",Tabela1[[#This Row],[Tipo_aval]]="auto"),Tabela1[[#This Row],[Avaliador]],IF(Tabela1[[#This Row],[Tipo_aval]]="Avaliador1",VLOOKUP(Tabela1[[#This Row],[Participante]],Atualização!$B:$J,COLUMN($F$1)-1,FALSE),VLOOKUP(Tabela1[[#This Row],[Participante]],Atualização!$B:$J,COLUMN($H$1)-1,FALSE))) -> Augusto Cesar Eloi de Freitas | O23: =IF(IFERROR(VLOOKUP(Tabela1[[#This Row],[Novo_Avaliador]],Usuários!$A:$B,2,FALSE),"")="","",IFERROR(VLOOKUP(Tabela1[[#This Row],[Novo_Avaliador]],Usuários!$A:$B,2,FALSE),"")) -> augusto.freitas@enind.com.br | P23: =IF(Tabela1[[#This Row],[Novo_Avaliador]]=Tabela1[[#This Row],[Avaliador]],"Sim","Não") -> Sim | Q23: =Tabela1[[#This Row],[email_repres]]=Tabela1[[#This Row],[e-mail novo avaliador]] -> TRUE
A24: Nicholas Rezende | B24: Augusto Cesar Eloi de Freitas | C24: augusto.freitas@enind.com.br | D24: avaliador1 | E24: =VLOOKUP(Tabela1[[#This Row],[Avaliador]],Usuários!A:I,COLUMN($H$1),0) -> augusto.freitas | F24: =VLOOKUP(Tabela1[[#This Row],[Avaliador]],Usuários!$A:$I,COLUMN($I$1),0) -> 042af!@ | G24: =VLOOKUP(Tabela1[[#This Row],[Participante]],Usuários!$A:$I,COLUMN($H$1),0) -> nicholas.rezende | H24: =VLOOKUP(Tabela1[[#This Row],[Participante]],Usuários!$A:$I,COLUMN($I$1),0) -> 467nr!@ | I24: Não | J24: Não | K24: augusto.freitas@enind.com.br | L24: A2 | M24: =IF(Tabela1[[#This Row],[Tipo_aval]]="auto","Ok",IF(ISERROR(VLOOKUP(Tabela1[[#This Row],[Participante]],Atualização!$B:$B,1,FALSE)),"Ok","Atualizar")) -> Ok | N24: =IF(OR(Tabela1[[#This Row],[Status]]="Ok",Tabela1[[#This Row],[Tipo_aval]]="auto"),Tabela1[[#This Row],[Avaliador]],IF(Tabela1[[#This Row],[Tipo_aval]]="Avaliador1",VLOOKUP(Tabela1[[#This Row],[Participante]],Atualização!$B:$J,COLUMN($F$1)-1,FALSE),VLOOKUP(Tabela1[[#This Row],[Participante]],Atualização!$B:$J,COLUMN($H$1)-1,FALSE))) -> Augusto Cesar Eloi de Freitas | O24: =IF(IFERROR(VLOOKUP(Tabela1[[#This Row],[Novo_Avaliador]],Usuários!$A:$B,2,FALSE),"")="","",IFERROR(VLOOKUP(Tabela1[[#This Row],[Novo_Avaliador]],Usuários!$A:$B,2,FALSE),"")) -> augusto.freitas@enind.com.br | P24: =IF(Tabela1[[#This Row],[Novo_Avaliador]]=Tabela1[[#This Row],[Avaliador]],"Sim","Não") -> Sim | Q24: =Tabela1[[#This Row],[email_repres]]=Tabela1[[#This Row],[e-mail novo avaliador]] -> TRUE
A25: Marcos Alberto Ferreira Junior | B25: Augusto Cesar Eloi de Freitas | C25: augusto.freitas@enind.com.br | D25: avaliador2 | E25: =VLOOKUP(Tabela1[[#This Row],[Avaliador]],Usuários!A:I,COLUMN($H$1),0) -> augusto.freitas | F25: =VLOOKUP(Tabela1[[#This Row],[Avaliador]],Usuários!$A:$I,COLUMN($I$1),0) -> 042af!@ | G25: =VLOOKUP(Tabela1[[#This Row],[Participante]],Usuários!$A:$I,COLUMN($H$1),0) -> marcos.junior | H25: =VLOOKUP(Tabela1[[#This Row],[Participante]],Usuários!$A:$I,COLUMN($I$1),0) -> 403mj!@ | I25: Não | J25: Não | K25: augusto.freitas@enind.com.br | L25: A2 | M25: =IF(Tabela1[[#This Row],[Tipo_aval]]="auto","Ok",IF(ISERROR(VLOOKUP(Tabela1[[#This Row],[Participante]],Atualização!$B:$B,1,FALSE)),"Ok","Atualizar")) -> Ok | N25: =IF(OR(Tabela1[[#This Row],[Status]]="Ok",Tabela1[[#This Row],[Tipo_aval]]="auto"),Tabela1[[#This Row],[Avaliador]],IF(Tabela1[[#This Row],[Tipo_aval]]="Avaliador1",VLOOKUP(Tabela1[[#This Row],[Participante]],Atualização!$B:$J,COLUMN($F$1)-1,FALSE),VLOOKUP(Tabela1[[#This Row],[Participante]],Atualização!$B:$J,COLUMN($H$1)-1,FALSE))) -> Augusto Cesar Eloi de Freitas | O25: =IF(IFERROR(VLOOKUP(Tabela1[[#This Row],[Novo_Avaliador]],Usuários!$A:$B,2,FALSE),"")="","",IFERROR(VLOOKUP(Tabela1[[#This Row],[Novo_Avaliador]],Usuários!$A:$B,2,FALSE),"")) -> augusto.freitas@enind.com.br | P25: =IF(Tabela1[[#This Row],[Novo_Avaliador]]=Tabela1[[#This Row],[Avaliador]],"Sim","Não") -> Sim | Q25: =Tabela1[[#This Row],[email_repres]]=Tabela1[[#This Row],[e-mail novo avaliador]] -> TRUE
A26: Leandro Cabrini | B26: Augusto Cesar Eloi de Freitas | C26: augusto.freitas@enind.com.br | D26: avaliador2 | E26: =VLOOKUP(Tabela1[[#This Row],[Avaliador]],Usuários!A:I,COLUMN($H$1),0) -> augusto.freitas | F26: =VLOOKUP(Tabela1[[#This Row],[Avaliador]],Usuários!$A:$I,COLUMN($I$1),0) -> 042af!@ | G26: =VLOOKUP(Tabela1[[#This Row],[Participante]],Usuários!$A:$I,COLUMN($H$1),0) -> leandro.cabrini | H26: =VLOOKUP(Tabela1[[#This Row],[Participante]],Usuários!$A:$I,COLUMN($I$1),0) -> 723lc!@ | I26: Não | J26: Não | K26: =Tabela1[[#This Row],[Email]] -> augusto.freitas@enind.com.br | L26: A2 | M26: =IF(Tabela1[[#This Row],[Tipo_aval]]="auto","Ok",IF(ISERROR(VLOOKUP(Tabela1[[#This Row],[Participante]],Atualização!$B:$B,1,FALSE)),"Ok","Atualizar")) -> Atualizar | N26: =IF(OR(Tabela1[[#This Row],[Status]]="Ok",Tabela1[[#This Row],[Tipo_aval]]="auto"),Tabela1[[#This Row],[Avaliador]],IF(Tabela1[[#This Row],[Tipo_aval]]="Avaliador1",VLOOKUP(Tabela1[[#This Row],[Participante]],Atualização!$B:$J,COLUMN($F$1)-1,FALSE),VLOOKUP(Tabela1[[#This Row],[Participante]],Atualização!$B:$J,COLUMN($H$1)-1,FALSE))) -> Augusto Cesar Eloi de Freitas | O26: =IF(IFERROR(VLOOKUP(Tabela1[[#This Row],[Novo_Avaliador]],Usuários!$A:$B,2,FALSE),"")="","",IFERROR(VLOOKUP(Tabela1[[#This Row],[Novo_Avaliador]],Usuários!$A:$B,2,FALSE),"")) -> augusto.freitas@enind.com.br | P26: =IF(Tabela1[[#This Row],[Novo_Avaliador]]=Tabela1[[#This Row],[Avaliador]],"Sim","Não") -> Sim | Q26: =Tabela1[[#This Row],[email_repres]]=Tabela1[[#This Row],[e-mail novo avaliador]] -> TRUE
A27: Augusto Cesar Nogueira Junqueira | B27: Augusto Cesar Nogueira Junqueira | C27: augusto.junqueira@enind.com.br | D27: auto | E27: =VLOOKUP(Tabela1[[#This Row],[Avaliador]],Usuários!A:I,COLUMN($H$1),0) -> augusto.junqueira | F27: =VLOOKUP(Tabela1[[#This Row],[Avaliador]],Usuários!$A:$I,COLUMN($I$1),0) -> 100aj!@ | G27: =VLOOKUP(Tabela1[[#This Row],[Participante]],Usuários!$A:$I,COLUMN($H$1),0) -> augusto.junqueira | H27: =VLOOKUP(Tabela1[[#This Row],[Participante]],Usuários!$A:$I,COLUMN($I$1),0) -> 100aj!@ | I27: Sim | J27: Não | K27: augusto.junqueira@enind.com.br | L27: A2 | M27: =IF(Tabela1[[#This Row],[Tipo_aval]]="auto","Ok",IF(ISERROR(VLOOKUP(Tabela1[[#This Row],[Participante]],Atualização!$B:$B,1,FALSE)),"Ok","Atualizar")) -> Ok | N27: =IF(OR(Tabela1[[#This Row],[Status]]="Ok",Tabela1[[#This Row],[Tipo_aval]]="auto"),Tabela1[[#This Row],[Avaliador]],IF(Tabela1[[#This Row],[Tipo_aval]]="Avaliador1",VLOOKUP(Tabela1[[#This Row],[Participante]],Atualização!$B:$J,COLUMN($F$1)-1,FALSE),VLOOKUP(Tabela1[[#This Row],[Participante]],Atualização!$B:$J,COLUMN($H$1)-1,FALSE))) -> Augusto Cesar Nogueira Junqueira | O27: =IF(IFERROR(VLOOKUP(Tabela1[[#This Row],[Novo_Avaliador]],Usuários!$A:$B,2,FALSE),"")="","",IFERROR(VLOOKUP(Tabela1[[#This Row],[Novo_Avaliador]],Usuários!$A:$B,2,FALSE),"")) -> augusto.junqueira@enind.com.br | P27: =IF(Tabela1[[#This Row],[Novo_Avaliador]]=Tabela1[[#This Row],[Avaliador]],"Sim","Não") -> Sim | Q27: =Tabela1[[#This Row],[email_repres]]=Tabela1[[#This Row],[e-mail novo avaliador]] -> TRUE
A28: Brendhel Almeida Silva | B28: Brendhel Almeida Silva | C28: brendhel.silva@enind.com.br | D28: auto | E28: =VLOOKUP(Tabela1[[#This Row],[Avaliador]],Usuários!A:I,COLUMN($H$1),0) -> brendhel.silva | F28: =VLOOKUP(Tabela1[[#This Row],[Avaliador]],Usuários!$A:$I,COLUMN($I$1),0) -> 338bs!@ | G28: =VLOOKUP(Tabela1[[#This Row],[Participante]],Usuários!$A:$I,COLUMN($H$1),0) -> brendhel.silva | H28: =VLOOKUP(Tabela1[[#This Row],[Participante]],Usuários!$A:$I,COLUMN($I$1),0) -> 338bs!@ | I28: Sim | J28: Não | K28: brendhel.silva@enind.com.br | L28: A2 | M28: =IF(Tabela1[[#This Row],[Tipo_aval]]="auto","Ok",IF(ISERROR(VLOOKUP(Tabela1[[#This Row],[Participante]],Atualização!$B:$B,1,FALSE)),"Ok","Atualizar")) -> Ok | N28: =IF(OR(Tabela1[[#This Row],[Status]]="Ok",Tabela1[[#This Row],[Tipo_aval]]="auto"),Tabela1[[#This Row],[Avaliador]],IF(Tabela1[[#This Row],[Tipo_aval]]="Avaliador1",VLOOKUP(Tabela1[[#This Row],[Participante]],Atualização!$B:$J,COLUMN($F$1)-1,FALSE),VLOOKUP(Tabela1[[#This Row],[Participante]],Atualização!$B:$J,COLUMN($H$1)-1,FALSE))) -> Brendhel Almeida Silva | O28: =IF(IFERROR(VLOOKUP(Tabela1[[#This Row],[Novo_Avaliador]],Usuários!$A:$B,2,FALSE),"")="","",IFERROR(VLOOKUP(Tabela1[[#This Row],[Novo_Avaliador]],Usuários!$A:$B,2,FALSE),"")) -> brendhel.silva@enind.com.br | P28: =IF(Tabela1[[#This Row],[Novo_Avaliador]]=Tabela1[[#This Row],[Avaliador]],"Sim","Não") -> Sim | Q28: =Tabela1[[#This Row],[email_repres]]=Tabela1[[#This Row],[e-mail novo avaliador]] -> TRUE
A29: Bruno Augusto Alvernaz de Castro | B29: Bruno Augusto Alvernaz de Castro | C29: bruno.castro@enind.com.br | D29: auto | E29: =VLOOKUP(Tabela1[[#This Row],[Avaliador]],Usuários!A:I,COLUMN($H$1),0) -> bruno.castro | F29: =VLOOKUP(Tabela1[[#This Row],[Avaliador]],Usuários!$A:$I,COLUMN($I$1),0) -> 669bc!@ | G29: =VLOOKUP(Tabela1[[#This Row],[Participante]],Usuários!$A:$I,COLUMN($H$1),0) -> bruno.castro | H29: =VLOOKUP(Tabela1[[#This Row],[Participante]],Usuários!$A:$I,COLUMN($I$1),0) -> 669bc!@ | I29: Sim | J29: Não | K29: bruno.castro@enind.com.br | L29: A1 | M29: =IF(Tabela1[[#This Row],[Tipo_aval]]="auto","Ok",IF(ISERROR(VLOOKUP(Tabela1[[#This Row],[Participante]],Atualização!$B:$B,1,FALSE)),"Ok","Atualizar")) -> Ok | N29: =IF(OR(Tabela1[[#This Row],[Status]]="Ok",Tabela1[[#This Row],[Tipo_aval]]="auto"),Tabela1[[#This Row],[Avaliador]],IF(Tabela1[[#This Row],[Tipo_aval]]="Avaliador1",VLOOKUP(Tabela1[[#This Row],[Participante]],Atualização!$B:$J,COLUMN($F$1)-1,FALSE),VLOOKUP(Tabela1[[#This Row],[Participante]],Atualização!$B:$J,COLUMN($H$1)-1,FALSE))) -> Bruno Augusto Alvernaz de Castro | O29: =IF(IFERROR(VLOOKUP(Tabela1[[#This Row],[Novo_Avaliador]],Usuários!$A:$B,2,FALSE),"")="","",IFERROR(VLOOKUP(Tabela1[[#This Row],[Novo_Avaliador]],Usuários!$A:$B,2,FALSE),"")) -> bruno.castro@enind.com.br | P29: =IF(Tabela1[[#This Row],[Novo_Avaliador]]=Tabela1[[#This Row],[Avaliador]],"Sim","Não") -> Sim | Q29: =Tabela1[[#This Row],[email_repres]]=Tabela1[[#This Row],[e-mail novo avaliador]] -> TRUE
A30: Bruno Pulino Lustosa | B30: Bruno Pulino Lustosa | C30: bruno.lustosa@enind.com.br | D30: auto | E30: =VLOOKUP(Tabela1[[#This Row],[Avaliador]],Usuários!A:I,COLUMN($H$1),0) -> bruno.lustosa | F30: =VLOOKUP(Tabela1[[#This Row],[Avaliador]],Usuários!$A:$I,COLUMN($I$1),0) -> 182bl!@ | G30: =VLOOKUP(Tabela1[[#This Row],[Participante]],Usuários!$A:$I,COLUMN($H$1),0) -> bruno.lustosa | H30: =VLOOKUP(Tabela1[[#This Row],[Participante]],Usuários!$A:$I,COLUMN($I$1),0) -> 182bl!@ | I30: Sim | J30: Não | K30: bruno.lustosa@enind.com.br | L30: A1 | M30: =IF(Tabela1[[#This Row],[Tipo_aval]]="auto","Ok",IF(ISERROR(VLOOKUP(Tabela1[[#This Row],[Participante]],Atualização!$B:$B,1,FALSE)),"Ok","Atualizar")) -> Ok | N30: =IF(OR(Tabela1[[#This Row],[Status]]="Ok",Tabela1[[#This Row],[Tipo_aval]]="auto"),Tabela1[[#This Row],[Avaliador]],IF(Tabela1[[#This Row],[Tipo_aval]]="Avaliador1",VLOOKUP(Tabela1[[#This Row],[Participante]],Atualização!$B:$J,COLUMN($F$1)-1,FALSE),VLOOKUP(Tabela1[[#This Row],[Participante]],Atualização!$B:$J,COLUMN($H$1)-1,FALSE))) -> Bruno Pulino Lustosa | O30: =IF(IFERROR(VLOOKUP(Tabela1[[#This Row],[Novo_Avaliador]],Usuários!$A:$B,2,FALSE),"")="","",IFERROR(VLOOKUP(Tabela1[[#This Row],[Novo_Avaliador]],Usuários!$A:$B,2,FALSE),"")) -> bruno.lustosa@enind.com.br | P30: =IF(Tabela1[[#This Row],[Novo_Avaliador]]=Tabela1[[#This Row],[Avaliador]],"Sim","Não") -> Sim | Q30: =Tabela1[[#This Row],[email_repres]]=Tabela1[[#This Row],[e-mail novo avaliador]] -> TRUE
A31: Antonio Luis Ribeiro de Almeida Junior | B31: Bruno Pulino Lustosa | C31: bruno.lustosa@enind.com.br | D31: avaliador1 | E31: =VLOOKUP(Tabela1[[#This Row],[Avaliador]],Usuários!A:I,COLUMN($H$1),0) -> bruno.lustosa | F31: =VLOOKUP(Tabela1[[#This Row],[Avaliador]],Usuários!$A:$I,COLUMN($I$1),0) -> 182bl!@ | G31: =VLOOKUP(Tabela1[[#This Row],[Participante]],Usuários!$A:$I,COLUMN($H$1),0) -> antonio.almeida | H31: =VLOOKUP(Tabela1[[#This Row],[Participante]],Usuários!$A:$I,COLUMN($I$1),0) -> 517aa!@ | I31: Não | J31: Não | K31: bruno.lustosa@enind.com.br | L31: A2 | M31: =IF(Tabela1[[#This Row],[Tipo_aval]]="auto","Ok",IF(ISERROR(VLOOKUP(Tabela1[[#This Row],[Participante]],Atualização!$B:$B,1,FALSE)),"Ok","Atualizar")) -> Ok | N31: =IF(OR(Tabela1[[#This Row],[Status]]="Ok",Tabela1[[#This Row],[Tipo_aval]]="auto"),Tabela1[[#This Row],[Avaliador]],IF(Tabela1[[#This Row],[Tipo_aval]]="Avaliador1",VLOOKUP(Tabela1[[#This Row],[Participante]],Atualização!$B:$J,COLUMN($F$1)-1,FALSE),VLOOKUP(Tabela1[[#This Row],[Participante]],Atualização!$B:$J,COLUMN($H$1)-1,FALSE))) -> Bruno Pulino Lustosa | O31: =IF(IFERROR(VLOOKUP(Tabela1[[#This Row],[Novo_Avaliador]],Usuários!$A:$B,2,FALSE),"")="","",IFERROR(VLOOKUP(Tabela1[[#This Row],[Novo_Avaliador]],Usuários!$A:$B,2,FALSE),"")) -> bruno.lustosa@enind.com.br | P31: =IF(Tabela1[[#This Row],[Novo_Avaliador]]=Tabela1[[#This Row],[Avaliador]],"Sim","Não") -> Sim | Q31: =Tabela1[[#This Row],[email_repres]]=Tabela1[[#This Row],[e-mail novo avaliador]] -> TRUE
A32: Leandro Cabrini | B32: Bruno Pulino Lustosa | C32: bruno.lustosa@enind.com.br | D32: avaliador1 | E32: =VLOOKUP(Tabela1[[#This Row],[Avaliador]],Usuários!A:I,COLUMN($H$1),0) -> bruno.lustosa | F32: =VLOOKUP(Tabela1[[#This Row],[Avaliador]],Usuários!$A:$I,COLUMN($I$1),0) -> 182bl!@ | G32: =VLOOKUP(Tabela1[[#This Row],[Participante]],Usuários!$A:$I,COLUMN($H$1),0) -> leandro.cabrini | H32: =VLOOKUP(Tabela1[[#This Row],[Participante]],Usuários!$A:$I,COLUMN($I$1),0) -> 723lc!@ | I32: Não | J32: Não | K32: =Tabela1[[#This Row],[Email]] -> bruno.lustosa@enind.com.br | L32: A2 | M32: =IF(Tabela1[[#This Row],[Tipo_aval]]="auto","Ok",IF(ISERROR(VLOOKUP(Tabela1[[#This Row],[Participante]],Atualização!$B:$B,1,FALSE)),"Ok","Atualizar")) -> Atualizar | N32: =IF(OR(Tabela1[[#This Row],[Status]]="Ok",Tabela1[[#This Row],[Tipo_aval]]="auto"),Tabela1[[#This Row],[Avaliador]],IF(Tabela1[[#This Row],[Tipo_aval]]="Avaliador1",VLOOKUP(Tabela1[[#This Row],[Participante]],Atualização!$B:$J,COLUMN($F$1)-1,FALSE),VLOOKUP(Tabela1[[#This Row],[Participante]],Atualização!$B:$J,COLUMN($H$1)-1,FALSE))) -> Bruno Pulino Lustosa | O32: =IF(IFERROR(VLOOKUP(Tabela1[[#This Row],[Novo_Avaliador]],Usuários!$A:$B,2,FALSE),"")="","",IFERROR(VLOOKUP(Tabela1[[#This Row],[Novo_Avaliador]],Usuários!$A:$B,2,FALSE),"")) -> bruno.lustosa@enind.com.br | P32: =IF(Tabela1[[#This Row],[Novo_Avaliador]]=Tabela1[[#This Row],[Avaliador]],"Sim","Não") -> Sim | Q32: =Tabela1[[#This Row],[email_repres]]=Tabela1[[#This Row],[e-mail novo avaliador]] -> TRUE
A33: Mariana Gouvea da Silva Moreira | B33: Bruno Pulino Lustosa | C33: bruno.lustosa@enind.com.br | D33: avaliador1 | E33: =VLOOKUP(Tabela1[[#This Row],[Avaliador]],Usuários!A:I,COLUMN($H$1),0) -> bruno.lustosa | F33: =VLOOKUP(Tabela1[[#This Row],[Avaliador]],Usuários!$A:$I,COLUMN($I$1),0) -> 182bl!@ | G33: =VLOOKUP(Tabela1[[#This Row],[Participante]],Usuários!$A:$I,COLUMN($H$1),0) -> mariana.moreira | H33: =VLOOKUP(Tabela1[[#This Row],[Participante]],Usuários!$A:$I,COLUMN($I$1),0) -> 808mm!@ | I33: Não | J33: Não | K33: bruno.lustosa@enind.com.br | L33: A2 | M33: =IF(Tabela1[[#This Row],[Tipo_aval]]="auto","Ok",IF(ISERROR(VLOOKUP(Tabela1[[#This Row],[Participante]],Atualização!$B:$B,1,FALSE)),"Ok","Atualizar")) -> Ok | N33: =IF(OR(Tabela1[[#This Row],[Status]]="Ok",Tabela1[[#This Row],[Tipo_aval]]="auto"),Tabela1[[#This Row],[Avaliador]],IF(Tabela1[[#This Row],[Tipo_aval]]="Avaliador1",VLOOKUP(Tabela1[[#This Row],[Participante]],Atualização!$B:$J,COLUMN($F$1)-1,FALSE),VLOOKUP(Tabela1[[#This Row],[Participante]],Atualização!$B:$J,COLUMN($H$1)-1,FALSE))) -> Bruno Pulino Lustosa | O33: =IF(IFERROR(VLOOKUP(Tabela1[[#This Row],[Novo_Avaliador]],Usuários!$A:$B,2,FALSE),"")="","",IFERROR(VLOOKUP(Tabela1[[#This Row],[Novo_Avaliador]],Usuários!$A:$B,2,FALSE),"")) -> bruno.lustosa@enind.com.br | P33: =IF(Tabela1[[#This Row],[Novo_Avaliador]]=Tabela1[[#This Row],[Avaliador]],"Sim","Não") -> Sim | Q33: =Tabela1[[#This Row],[email_repres]]=Tabela1[[#This Row],[e-mail novo avaliador]] -> TRUE
A34: Sergio Reis Porto | B34: Bruno Pulino Lustosa | C34: bruno.lustosa@enind.com.br | D34: avaliador1 | E34: =VLOOKUP(Tabela1[[#This Row],[Avaliador]],Usuários!A:I,COLUMN($H$1),0) -> bruno.lustosa | F34: =VLOOKUP(Tabela1[[#This Row],[Avaliador]],Usuários!$A:$I,COLUMN($I$1),0) -> 182bl!@ | G34: =VLOOKUP(Tabela1[[#This Row],[Participante]],Usuários!$A:$I,COLUMN($H$1),0) -> sergio.porto | H34: =VLOOKUP(Tabela1[[#This Row],[Participante]],Usuários!$A:$I,COLUMN($I$1),0) -> 334sp!@ | I34: Não | J34: Não | K34: bruno.lustosa@enind.com.br | L34: A2 | M34: =IF(Tabela1[[#This Row],[Tipo_aval]]="auto","Ok",IF(ISERROR(VLOOKUP(Tabela1[[#This Row],[Participante]],Atualização!$B:$B,1,FALSE)),"Ok","Atualizar")) -> Ok | N34: =IF(OR(Tabela1[[#This Row],[Status]]="Ok",Tabela1[[#This Row],[Tipo_aval]]="auto"),Tabela1[[#This Row],[Avaliador]],IF(Tabela1[[#This Row],[Tipo_aval]]="Avaliador1",VLOOKUP(Tabela1[[#This Row],[Participante]],Atualização!$B:$J,COLUMN($F$1)-1,FALSE),VLOOKUP(Tabela1[[#This Row],[Participante]],Atualização!$B:$J,COLUMN($H$1)-1,FALSE))) -> Bruno Pulino Lustosa | O34: =IF(IFERROR(VLOOKUP(Tabela1[[#This Row],[Novo_Avaliador]],Usuários!$A:$B,2,FALSE),"")="","",IFERROR(VLOOKUP(Tabela1[[#This Row],[Novo_Avaliador]],Usuários!$A:$B,2,FALSE),"")) -> bruno.lustosa@enind.com.br | P34: =IF(Tabela1[[#This Row],[Novo_Avaliador]]=Tabela1[[#This Row],[Avaliador]],"Sim","Não") -> Sim | Q34: =Tabela1[[#This Row],[email_repres]]=Tabela1[[#This Row],[e-mail novo avaliador]] -> TRUE
A35: Wagner Araujo Sequeira Barreiro | B35: Bruno Pulino Lustosa | C35: bruno.lustosa@enind.com.br | D35: avaliador1 | E35: =VLOOKUP(Tabela1[[#This Row],[Avaliador]],Usuários!A:I,COLUMN($H$1),0) -> bruno.lustosa | F35: =VLOOKUP(Tabela1[[#This Row],[Avaliador]],Usuários!$A:$I,COLUMN($I$1),0) -> 182bl!@ | G35: =VLOOKUP(Tabela1[[#This Row],[Participante]],Usuários!$A:$I,COLUMN($H$1),0) -> wagner.barreiro | H35: =VLOOKUP(Tabela1[[#This Row],[Participante]],Usuários!$A:$I,COLUMN($I$1),0) -> 028wb!@ | I35: Não | J35: Não | K35: bruno.lustosa@enind.com.br | L35: A2 | M35: =IF(Tabela1[[#This Row],[Tipo_aval]]="auto","Ok",IF(ISERROR(VLOOKUP(Tabela1[[#This Row],[Participante]],Atualização!$B:$B,1,FALSE)),"Ok","Atualizar")) -> Ok | N35: =IF(OR(Tabela1[[#This Row],[Status]]="Ok",Tabela1[[#This Row],[Tipo_aval]]="auto"),Tabela1[[#This Row],[Avaliador]],IF(Tabela1[[#This Row],[Tipo_aval]]="Avaliador1",VLOOKUP(Tabela1[[#This Row],[Participante]],Atualização!$B:$J,COLUMN($F$1)-1,FALSE),VLOOKUP(Tabela1[[#This Row],[Participante]],Atualização!$B:$J,COLUMN($H$1)-1,FALSE))) -> Bruno Pulino Lustosa | O35: =IF(IFERROR(VLOOKUP(Tabela1[[#This Row],[Novo_Avaliador]],Usuários!$A:$B,2,FALSE),"")="","",IFERROR(VLOOKUP(Tabela1[[#This Row],[Novo_Avaliador]],Usuários!$A:$B,2,FALSE),"")) -> bruno.lustosa@enind.com.br | P35: =IF(Tabela1[[#This Row],[Novo_Avaliador]]=Tabela1[[#This Row],[Avaliador]],"Sim","Não") -> Sim | Q35: =Tabela1[[#This Row],[email_repres]]=Tabela1[[#This Row],[e-mail novo avaliador]] -> TRUE
A36: Cleiton Inacio Mathias | B36: Cleiton Inacio Mathias | C36: cleiton.mathias@enind.com.br | D36: auto | E36: =VLOOKUP(Tabela1[[#This Row],[Avaliador]],Usuários!A:I,COLUMN($H$1),0) -> cleiton.mathias | F36: =VLOOKUP(Tabela1[[#This Row],[Avaliador]],Usuários!$A:$I,COLUMN($I$1),0) -> 001cm!@ | G36: =VLOOKUP(Tabela1[[#This Row],[Participante]],Usuários!$A:$I,COLUMN($H$1),0) -> cleiton.mathias | H36: =VLOOKUP(Tabela1[[#This Row],[Participante]],Usuários!$A:$I,COLUMN($I$1),0) -> 001cm!@ | I36: Sim | J36: Não | K36: cleiton.mathias@enind.com.br | L36: A2 | M36: =IF(Tabela1[[#This Row],[Tipo_aval]]="auto","Ok",IF(ISERROR(VLOOKUP(Tabela1[[#This Row],[Participante]],Atualização!$B:$B,1,FALSE)),"Ok","Atualizar")) -> Ok | N36: =IF(OR(Tabela1[[#This Row],[Status]]="Ok",Tabela1[[#This Row],[Tipo_aval]]="auto"),Tabela1[[#This Row],[Avaliador]],IF(Tabela1[[#This Row],[Tipo_aval]]="Avaliador1",VLOOKUP(Tabela1[[#This Row],[Participante]],Atualização!$B:$J,COLUMN($F$1)-1,FALSE),VLOOKUP(Tabela1[[#This Row],[Participante]],Atualização!$B:$J,COLUMN($H$1)-1,FALSE))) -> Cleiton Inacio Mathias | O36: =IF(IFERROR(VLOOKUP(Tabela1[[#This Row],[Novo_Avaliador]],Usuários!$A:$B,2,FALSE),"")="","",IFERROR(VLOOKUP(Tabela1[[#This Row],[Novo_Avaliador]],Usuários!$A:$B,2,FALSE),"")) -> cleiton.mathias@enind.com.br | P36: =IF(Tabela1[[#This Row],[Novo_Avaliador]]=Tabela1[[#This Row],[Avaliador]],"Sim","Não") -> Sim | Q36: =Tabela1[[#This Row],[email_repres]]=Tabela1[[#This Row],[e-mail novo avaliador]] -> TRUE
A37: Crislane Santos Gama | B37: Crislane Santos Gama | C37: crislane.gama@enind.com.br | D37: auto | E37: =VLOOKUP(Tabela1[[#This Row],[Avaliador]],Usuários!A:I,COLUMN($H$1),0) -> crislane.gama | F37: =VLOOKUP(Tabela1[[#This Row],[Avaliador]],Usuários!$A:$I,COLUMN($I$1),0) -> 222cg!@ | G37: =VLOOKUP(Tabela1[[#This Row],[Participante]],Usuários!$A:$I,COLUMN($H$1),0) -> crislane.gama | H37: =VLOOKUP(Tabela1[[#This Row],[Participante]],Usuários!$A:$I,COLUMN($I$1),0) -> 222cg!@ | I37: Sim | J37: Não | K37: crislane.gama@enind.com.br | L37: A2 | M37: =IF(Tabela1[[#This Row],[Tipo_aval]]="auto","Ok",IF(ISERROR(VLOOKUP(Tabela1[[#This Row],[Participante]],Atualização!$B:$B,1,FALSE)),"Ok","Atualizar")) -> Ok | N37: =IF(OR(Tabela1[[#This Row],[Status]]="Ok",Tabela1[[#This Row],[Tipo_aval]]="auto"),Tabela1[[#This Row],[Avaliador]],IF(Tabela1[[#This Row],[Tipo_aval]]="Avaliador1",VLOOKUP(Tabela1[[#This Row],[Participante]],Atualização!$B:$J,COLUMN($F$1)-1,FALSE),VLOOKUP(Tabela1[[#This Row],[Participante]],Atualização!$B:$J,COLUMN($H$1)-1,FALSE))) -> Crislane Santos Gama | O37: =IF(IFERROR(VLOOKUP(Tabela1[[#This Row],[Novo_Avaliador]],Usuários!$A:$B,2,FALSE),"")="","",IFERROR(VLOOKUP(Tabela1[[#This Row],[Novo_Avaliador]],Usuários!$A:$B,2,FALSE),"")) -> crislane.gama@enind.com.br | P37: =IF(Tabela1[[#This Row],[Novo_Avaliador]]=Tabela1[[#This Row],[Avaliador]],"Sim","Não") -> Sim | Q37: =Tabela1[[#This Row],[email_repres]]=Tabela1[[#This Row],[e-mail novo avaliador]] -> TRUE
A38: Daniel Casari Carlos | B38: Daniel Casari Carlos | C38: daniel.casari@enind.com.br | D38: auto | E38: =VLOOKUP(Tabela1[[#This Row],[Avaliador]],Usuários!A:I,COLUMN($H$1),0) -> daniel.casari | F38: =VLOOKUP(Tabela1[[#This Row],[Avaliador]],Usuários!$A:$I,COLUMN($I$1),0) -> 379dc!@ | G38: =VLOOKUP(Tabela1[[#This Row],[Participante]],Usuários!$A:$I,COLUMN($H$1),0) -> daniel.casari | H38: =VLOOKUP(Tabela1[[#This Row],[Participante]],Usuários!$A:$I,COLUMN($I$1),0) -> 379dc!@ | I38: Sim | J38: Não | K38: daniel.casari@enind.com.br | L38: A1 | M38: =IF(Tabela1[[#This Row],[Tipo_aval]]="auto","Ok",IF(ISERROR(VLOOKUP(Tabela1[[#This Row],[Participante]],Atualização!$B:$B,1,FALSE)),"Ok","Atualizar")) -> Ok | N38: =IF(OR(Tabela1[[#This Row],[Status]]="Ok",Tabela1[[#This Row],[Tipo_aval]]="auto"),Tabela1[[#This Row],[Avaliador]],IF(Tabela1[[#This Row],[Tipo_aval]]="Avaliador1",VLOOKUP(Tabela1[[#This Row],[Participante]],Atualização!$B:$J,COLUMN($F$1)-1,FALSE),VLOOKUP(Tabela1[[#This Row],[Participante]],Atualização!$B:$J,COLUMN($H$1)-1,FALSE))) -> Daniel Casari Carlos | O38: =IF(IFERROR(VLOOKUP(Tabela1[[#This Row],[Novo_Avaliador]],Usuários!$A:$B,2,FALSE),"")="","",IFERROR(VLOOKUP(Tabela1[[#This Row],[Novo_Avaliador]],Usuários!$A:$B,2,FALSE),"")) -> daniel.casari@enind.com.br | P38: =IF(Tabela1[[#This Row],[Novo_Avaliador]]=Tabela1[[#This Row],[Avaliador]],"Sim","Não") -> Sim | Q38: =Tabela1[[#This Row],[email_repres]]=Tabela1[[#This Row],[e-mail novo avaliador]] -> TRUE
A39: Marcos Alberto Ferreira Junior | B39: Daniel Casari Carlos | C39: daniel.casari@enind.com.br | D39: avaliador1 | E39: =VLOOKUP(Tabela1[[#This Row],[Avaliador]],Usuários!A:I,COLUMN($H$1),0) -> daniel.casari | F39: =VLOOKUP(Tabela1[[#This Row],[Avaliador]],Usuários!$A:$I,COLUMN($I$1),0) -> 379dc!@ | G39: =VLOOKUP(Tabela1[[#This Row],[Participante]],Usuários!$A:$I,COLUMN($H$1),0) -> marcos.junior | H39: =VLOOKUP(Tabela1[[#This Row],[Participante]],Usuários!$A:$I,COLUMN($I$1),0) -> 403mj!@ | I39: Não | J39: Não | K39: daniel.casari@enind.com.br | L39: A2 | M39: =IF(Tabela1[[#This Row],[Tipo_aval]]="auto","Ok",IF(ISERROR(VLOOKUP(Tabela1[[#This Row],[Participante]],Atualização!$B:$B,1,FALSE)),"Ok","Atualizar")) -> Ok | N39: =IF(OR(Tabela1[[#This Row],[Status]]="Ok",Tabela1[[#This Row],[Tipo_aval]]="auto"),Tabela1[[#This Row],[Avaliador]],IF(Tabela1[[#This Row],[Tipo_aval]]="Avaliador1",VLOOKUP(Tabela1[[#This Row],[Participante]],Atualização!$B:$J,COLUMN($F$1)-1,FALSE),VLOOKUP(Tabela1[[#This Row],[Participante]],Atualização!$B:$J,COLUMN($H$1)-1,FALSE))) -> Daniel Casari Carlos | O39: =IF(IFERROR(VLOOKUP(Tabela1[[#This Row],[Novo_Avaliador]],Usuários!$A:$B,2,FALSE),"")="","",IFERROR(VLOOKUP(Tabela1[[#This Row],[Novo_Avaliador]],Usuários!$A:$B,2,FALSE),"")) -> daniel.casari@enind.com.br | P39: =IF(Tabela1[[#This Row],[Novo_Avaliador]]=Tabela1[[#This Row],[Avaliador]],"Sim","Não") -> Sim | Q39: =Tabela1[[#This Row],[email_repres]]=Tabela1[[#This Row],[e-mail novo avaliador]] -> TRUE
A40: Luan Henrique Alves de Carvalho | B40: Daniel Casari Carlos | C40: daniel.casari@enind.com.br | D40: avaliador2 | E40: =VLOOKUP(Tabela1[[#This Row],[Avaliador]],Usuários!A:I,COLUMN($H$1),0) -> daniel.casari | F40: =VLOOKUP(Tabela1[[#This Row],[Avaliador]],Usuários!$A:$I,COLUMN($I$1),0) -> 379dc!@ | G40: =VLOOKUP(Tabela1[[#This Row],[Participante]],Usuários!$A:$I,COLUMN($H$1),0) -> luan.carvalho | H40: =VLOOKUP(Tabela1[[#This Row],[Participante]],Usuários!$A:$I,COLUMN($I$1),0) -> 889lc!@ | I40: Não | J40: Não | K40: daniel.casari@enind.com.br | L40: A2 | M40: =IF(Tabela1[[#This Row],[Tipo_aval]]="auto","Ok",IF(ISERROR(VLOOKUP(Tabela1[[#This Row],[Participante]],Atualização!$B:$B,1,FALSE)),"Ok","Atualizar")) -> Ok | N40: =IF(OR(Tabela1[[#This Row],[Status]]="Ok",Tabela1[[#This Row],[Tipo_aval]]="auto"),Tabela1[[#This Row],[Avaliador]],IF(Tabela1[[#This Row],[Tipo_aval]]="Avaliador1",VLOOKUP(Tabela1[[#This Row],[Participante]],Atualização!$B:$J,COLUMN($F$1)-1,FALSE),VLOOKUP(Tabela1[[#This Row],[Participante]],Atualização!$B:$J,COLUMN($H$1)-1,FALSE))) -> Daniel Casari Carlos | O40: =IF(IFERROR(VLOOKUP(Tabela1[[#This Row],[Novo_Avaliador]],Usuários!$A:$B,2,FALSE),"")="","",IFERROR(VLOOKUP(Tabela1[[#This Row],[Novo_Avaliador]],Usuários!$A:$B,2,FALSE),"")) -> daniel.casari@enind.com.br | P40: =IF(Tabela1[[#This Row],[Novo_Avaliador]]=Tabela1[[#This Row],[Avaliador]],"Sim","Não") -> Sim | Q40: =Tabela1[[#This Row],[email_repres]]=Tabela1[[#This Row],[e-mail novo avaliador]] -> TRUE
A41: Nicholas Rezende | B41: Daniel Casari Carlos | C41: daniel.casari@enind.com.br | D41: avaliador2 | E41: =VLOOKUP(Tabela1[[#This Row],[Avaliador]],Usuários!A:I,COLUMN($H$1),0) -> daniel.casari | F41: =VLOOKUP(Tabela1[[#This Row],[Avaliador]],Usuários!$A:$I,COLUMN($I$1),0) -> 379dc!@ | G41: =VLOOKUP(Tabela1[[#This Row],[Participante]],Usuários!$A:$I,COLUMN($H$1),0) -> nicholas.rezende | H41: =VLOOKUP(Tabela1[[#This Row],[Participante]],Usuários!$A:$I,COLUMN($I$1),0) -> 467nr!@ | I41: Não | J41: Não | K41: daniel.casari@enind.com.br | L41: A2 | M41: =IF(Tabela1[[#This Row],[Tipo_aval]]="auto","Ok",IF(ISERROR(VLOOKUP(Tabela1[[#This Row],[Participante]],Atualização!$B:$B,1,FALSE)),"Ok","Atualizar")) -> Ok | N41: =IF(OR(Tabela1[[#This Row],[Status]]="Ok",Tabela1[[#This Row],[Tipo_aval]]="auto"),Tabela1[[#This Row],[Avaliador]],IF(Tabela1[[#This Row],[Tipo_aval]]="Avaliador1",VLOOKUP(Tabela1[[#This Row],[Participante]],Atualização!$B:$J,COLUMN($F$1)-1,FALSE),VLOOKUP(Tabela1[[#This Row],[Participante]],Atualização!$B:$J,COLUMN($H$1)-1,FALSE))) -> Daniel Casari Carlos | O41: =IF(IFERROR(VLOOKUP(Tabela1[[#This Row],[Novo_Avaliador]],Usuários!$A:$B,2,FALSE),"")="","",IFERROR(VLOOKUP(Tabela1[[#This Row],[Novo_Avaliador]],Usuários!$A:$B,2,FALSE),"")) -> daniel.casari@enind.com.br | P41: =IF(Tabela1[[#This Row],[Novo_Avaliador]]=Tabela1[[#This Row],[Avaliador]],"Sim","Não") -> Sim | Q41: =Tabela1[[#This Row],[email_repres]]=Tabela1[[#This Row],[e-mail novo avaliador]] -> TRUE
A42: Dayvis Jones Coelho | B42: Dayvis Jones Coelho | C42: dayvis.coelho@enind.com.br | D42: auto | E42: =VLOOKUP(Tabela1[[#This Row],[Avaliador]],Usuários!A:I,COLUMN($H$1),0) -> dayvis.coelho | F42: =VLOOKUP(Tabela1[[#This Row],[Avaliador]],Usuários!$A:$I,COLUMN($I$1),0) -> 248dc!@ | G42: =VLOOKUP(Tabela1[[#This Row],[Participante]],Usuários!$A:$I,COLUMN($H$1),0) -> dayvis.coelho | H42: =VLOOKUP(Tabela1[[#This Row],[Participante]],Usuários!$A:$I,COLUMN($I$1),0) -> 248dc!@ | I42: Sim | J42: Não | K42: dayvis.coelho@enind.com.br | L42: A1 | M42: =IF(Tabela1[[#This Row],[Tipo_aval]]="auto","Ok",IF(ISERROR(VLOOKUP(Tabela1[[#This Row],[Participante]],Atualização!$B:$B,1,FALSE)),"Ok","Atualizar")) -> Ok | N42: =IF(OR(Tabela1[[#This Row],[Status]]="Ok",Tabela1[[#This Row],[Tipo_aval]]="auto"),Tabela1[[#This Row],[Avaliador]],IF(Tabela1[[#This Row],[Tipo_aval]]="Avaliador1",VLOOKUP(Tabela1[[#This Row],[Participante]],Atualização!$B:$J,COLUMN($F$1)-1,FALSE),VLOOKUP(Tabela1[[#This Row],[Participante]],Atualização!$B:$J,COLUMN($H$1)-1,FALSE))) -> Dayvis Jones Coelho | O42: =IF(IFERROR(VLOOKUP(Tabela1[[#This Row],[Novo_Avaliador]],Usuários!$A:$B,2,FALSE),"")="","",IFERROR(VLOOKUP(Tabela1[[#This Row],[Novo_Avaliador]],Usuários!$A:$B,2,FALSE),"")) -> dayvis.coelho@enind.com.br | P42: =IF(Tabela1[[#This Row],[Novo_Avaliador]]=Tabela1[[#This Row],[Avaliador]],"Sim","Não") -> Sim | Q42: =Tabela1[[#This Row],[email_repres]]=Tabela1[[#This Row],[e-mail novo avaliador]] -> TRUE
A43: Dayvson Faber Alcantara Silva | B43: Dayvson Faber Alcantara Silva | C43: dayvson.silva@enind.com.br | D43: auto | E43: =VLOOKUP(Tabela1[[#This Row],[Avaliador]],Usuários!A:I,COLUMN($H$1),0) -> dayvson.silva | F43: =VLOOKUP(Tabela1[[#This Row],[Avaliador]],Usuários!$A:$I,COLUMN($I$1),0) -> 517ds!@ | G43: =VLOOKUP(Tabela1[[#This Row],[Participante]],Usuários!$A:$I,COLUMN($H$1),0) -> dayvson.silva | H43: =VLOOKUP(Tabela1[[#This Row],[Participante]],Usuários!$A:$I,COLUMN($I$1),0) -> 517ds!@ | I43: Sim | J43: Não | K43: dayvson.silva@enind.com.br | L43: A1 | M43: =IF(Tabela1[[#This Row],[Tipo_aval]]="auto","Ok",IF(ISERROR(VLOOKUP(Tabela1[[#This Row],[Participante]],Atualização!$B:$B,1,FALSE)),"Ok","Atualizar")) -> Ok | N43: =IF(OR(Tabela1[[#This Row],[Status]]="Ok",Tabela1[[#This Row],[Tipo_aval]]="auto"),Tabela1[[#This Row],[Avaliador]],IF(Tabela1[[#This Row],[Tipo_aval]]="Avaliador1",VLOOKUP(Tabela1[[#This Row],[Participante]],Atualização!$B:$J,COLUMN($F$1)-1,FALSE),VLOOKUP(Tabela1[[#This Row],[Participante]],Atualização!$B:$J,COLUMN($H$1)-1,FALSE))) -> Dayvson Faber Alcantara Silva | O43: =IF(IFERROR(VLOOKUP(Tabela1[[#This Row],[Novo_Avaliador]],Usuários!$A:$B,2,FALSE),"")="","",IFERROR(VLOOKUP(Tabela1[[#This Row],[Novo_Avaliador]],Usuários!$A:$B,2,FALSE),"")) -> dayvson.silva@enind.com.br | P43: =IF(Tabela1[[#This Row],[Novo_Avaliador]]=Tabela1[[#This Row],[Avaliador]],"Sim","Não") -> Sim | Q43: =Tabela1[[#This Row],[email_repres]]=Tabela1[[#This Row],[e-mail novo avaliador]] -> TRUE
A44: Hillary Karen de Araujo | B44: Dayvson Faber Alcantara Silva | C44: dayvson.silva@enind.com.br | D44: avaliador1 | E44: =VLOOKUP(Tabela1[[#This Row],[Avaliador]],Usuários!A:I,COLUMN($H$1),0) -> dayvson.silva | F44: =VLOOKUP(Tabela1[[#This Row],[Avaliador]],Usuários!$A:$I,COLUMN($I$1),0) -> 517ds!@ | G44: =VLOOKUP(Tabela1[[#This Row],[Participante]],Usuários!$A:$I,COLUMN($H$1),0) -> hillary.karen | H44: =VLOOKUP(Tabela1[[#This Row],[Participante]],Usuários!$A:$I,COLUMN($I$1),0) -> 841hk!@ | I44: Não | J44: Não | K44: dayvson.silva@enind.com.br | L44: A1 | M44: =IF(Tabela1[[#This Row],[Tipo_aval]]="auto","Ok",IF(ISERROR(VLOOKUP(Tabela1[[#This Row],[Participante]],Atualização!$B:$B,1,FALSE)),"Ok","Atualizar")) -> Ok | N44: =IF(OR(Tabela1[[#This Row],[Status]]="Ok",Tabela1[[#This Row],[Tipo_aval]]="auto"),Tabela1[[#This Row],[Avaliador]],IF(Tabela1[[#This Row],[Tipo_aval]]="Avaliador1",VLOOKUP(Tabela1[[#This Row],[Participante]],Atualização!$B:$J,COLUMN($F$1)-1,FALSE),VLOOKUP(Tabela1[[#This Row],[Participante]],Atualização!$B:$J,COLUMN($H$1)-1,FALSE))) -> Dayvson Faber Alcantara Silva | O44: =IF(IFERROR(VLOOKUP(Tabela1[[#This Row],[Novo_Avaliador]],Usuários!$A:$B,2,FALSE),"")="","",IFERROR(VLOOKUP(Tabela1[[#This Row],[Novo_Avaliador]],Usuários!$A:$B,2,FALSE),"")) -> dayvson.silva@enind.com.br | P44: =IF(Tabela1[[#This Row],[Novo_Avaliador]]=Tabela1[[#This Row],[Avaliador]],"Sim","Não") -> Sim | Q44: =Tabela1[[#This Row],[email_repres]]=Tabela1[[#This Row],[e-mail novo avaliador]] -> TRUE
... A46: Paulo Ferreira Da Costa | B46: Dayvson Faber Alcantara Silva | C46: dayvson.silva@enind.com.br | D46: avaliador2 | E46: =VLOOKUP(Tabela1[[#This Row],[Avaliador]],Usuários!A:I,COLUMN($H$1),0) -> dayvson.silva | F46: =VLOOKUP(Tabela1[[#This Row],[Avaliador]],Usuários!$A:$I,COLUMN($I$1),0) -> 517ds!@ | G46: =VLOOKUP(Tabela1[[#This Row],[Participante]],Usuários!$A:$I,COLUMN($H$1),0) -> paulo.costa | H46: =VLOOKUP(Tabela1[[#This Row],[Participante]],Usuários!$A:$I,COLUMN($I$1),0) -> 745pc!@ | I46: Não | J46: Não | K46: dayvson.silva@enind.com.br | L46: A3 | M46: =IF(Tabela1[[#This Row],[Tipo_aval]]="auto","Ok",IF(ISERROR(VLOOKUP(Tabela1[[#This Row],[Participante]],Atualização!$B:$B,1,FALSE)),"Ok","Atualizar")) -> Ok | N46: =IF(OR(Tabela1[[#This Row],[Status]]="Ok",Tabela1[[#This Row],[Tipo_aval]]="auto"),Tabela1[[#This Row],[Avaliador]],IF(Tabela1[[#This Row],[Tipo_aval]]="Avaliador1",VLOOKUP(Tabela1[[#This Row],[Participante]],Atualização!$B:$J,COLUMN($F$1)-1,FALSE),VLOOKUP(Tabela1[[#This Row],[Participante]],Atualização!$B:$J,COLUMN($H$1)-1,FALSE))) -> Dayvson Faber Alcantara Silva | O46: =IF(IFERROR(VLOOKUP(Tabela1[[#This Row],[Novo_Avaliador]],Usuários!$A:$B,2,FALSE),"")="","",IFERROR(VLOOKUP(Tabela1[[#This Row],[Novo_Avaliador]],Usuários!$A:$B,2,FALSE),"")) -> dayvson.silva@enind.com.br | P46: =IF(Tabela1[[#This Row],[Novo_Avaliador]]=Tabela1[[#This Row],[Avaliador]],"Sim","Não") -> Sim | Q46: =Tabela1[[#This Row],[email_repres]]=Tabela1[[#This Row],[e-mail novo avaliador]] -> TRUE
A47: Deijanes Ferreira Costa | B47: Dayvson Faber Alcantara Silva | C47: dayvson.silva@enind.com.br | D47: avaliador1 | E47: =VLOOKUP(Tabela1[[#This Row],[Avaliador]],Usuários!A:I,COLUMN($H$1),0) -> dayvson.silva | F47: =VLOOKUP(Tabela1[[#This Row],[Avaliador]],Usuários!$A:$I,COLUMN($I$1),0) -> 517ds!@ | G47: =VLOOKUP(Tabela1[[#This Row],[Participante]],Usuários!$A:$I,COLUMN($H$1),0) -> deijanes.costa | H47: =VLOOKUP(Tabela1[[#This Row],[Participante]],Usuários!$A:$I,COLUMN($I$1),0) -> 530dc!@ | I47: Sim | J47: Não | K47: =Tabela1[[#This Row],[Email]] -> dayvson.silva@enind.com.br | L47: A3 | M47: =IF(Tabela1[[#This Row],[Tipo_aval]]="auto","Ok",IF(ISERROR(VLOOKUP(Tabela1[[#This Row],[Participante]],Atualização!$B:$B,1,FALSE)),"Ok","Atualizar")) -> Atualizar | N47: =IF(OR(Tabela1[[#This Row],[Status]]="Ok",Tabela1[[#This Row],[Tipo_aval]]="auto"),Tabela1[[#This Row],[Avaliador]],IF(Tabela1[[#This Row],[Tipo_aval]]="Avaliador1",VLOOKUP(Tabela1[[#This Row],[Participante]],Atualização!$B:$J,COLUMN($F$1)-1,FALSE),VLOOKUP(Tabela1[[#This Row],[Participante]],Atualização!$B:$J,COLUMN($H$1)-1,FALSE))) -> Dayvson Faber Alcantara Silva | O47: =IF(IFERROR(VLOOKUP(Tabela1[[#This Row],[Novo_Avaliador]],Usuários!$A:$B,2,FALSE),"")="","",IFERROR(VLOOKUP(Tabela1[[#This Row],[Novo_Avaliador]],Usuários!$A:$B,2,FALSE),"")) -> dayvson.silva@enind.com.br | P47: =IF(Tabela1[[#This Row],[Novo_Avaliador]]=Tabela1[[#This Row],[Avaliador]],"Sim","Não") -> Sim | Q47: =Tabela1[[#This Row],[email_repres]]=Tabela1[[#This Row],[e-mail novo avaliador]] -> TRUE
A48: Juliana Matos Santos | B48: Dayvson Faber Alcantara Silva | C48: dayvson.silva@enind.com.br | D48: avaliador2 | E48: =VLOOKUP(Tabela1[[#This Row],[Avaliador]],Usuários!A:I,COLUMN($H$1),0) -> dayvson.silva | F48: =VLOOKUP(Tabela1[[#This Row],[Avaliador]],Usuários!$A:$I,COLUMN($I$1),0) -> 517ds!@ | G48: =VLOOKUP(Tabela1[[#This Row],[Participante]],Usuários!$A:$I,COLUMN($H$1),0) -> juliana.santos | H48: =VLOOKUP(Tabela1[[#This Row],[Participante]],Usuários!$A:$I,COLUMN($I$1),0) -> 780js!@ | I48: Não | J48: Não | K48: =Tabela1[[#This Row],[Email]] -> dayvson.silva@enind.com.br | L48: A2 | M48: =IF(Tabela1[[#This Row],[Tipo_aval]]="auto","Ok",IF(ISERROR(VLOOKUP(Tabela1[[#This Row],[Participante]],Atualização!$B:$B,1,FALSE)),"Ok","Atualizar")) -> Atualizar | N48: =IF(OR(Tabela1[[#This Row],[Status]]="Ok",Tabela1[[#This Row],[Tipo_aval]]="auto"),Tabela1[[#This Row],[Avaliador]],IF(Tabela1[[#This Row],[Tipo_aval]]="Avaliador1",VLOOKUP(Tabela1[[#This Row],[Participante]],Atualização!$B:$J,COLUMN($F$1)-1,FALSE),VLOOKUP(Tabela1[[#This Row],[Participante]],Atualização!$B:$J,COLUMN($H$1)-1,FALSE))) -> Dayvson Faber Alcantara Silva | O48: =IF(IFERROR(VLOOKUP(Tabela1[[#This Row],[Novo_Avaliador]],Usuários!$A:$B,2,FALSE),"")="","",IFERROR(VLOOKUP(Tabela1[[#This Row],[Novo_Avaliador]],Usuários!$A:$B,2,FALSE),"")) -> dayvson.silva@enind.com.br | P48: =IF(Tabela1[[#This Row],[Novo_Avaliador]]=Tabela1[[#This Row],[Avaliador]],"Sim","Não") -> Sim | Q48: =Tabela1[[#This Row],[email_repres]]=Tabela1[[#This Row],[e-mail novo avaliador]] -> TRUE
A49: Diego Freitas Araujo | B49: Diego Freitas Araujo | C49: diego.araujo@enind.com.br | D49: auto | E49: =VLOOKUP(Tabela1[[#This Row],[Avaliador]],Usuários!A:I,COLUMN($H$1),0) -> diego.araujo | F49: =VLOOKUP(Tabela1[[#This Row],[Avaliador]],Usuários!$A:$I,COLUMN($I$1),0) -> 410da!@ | G49: =VLOOKUP(Tabela1[[#This Row],[Participante]],Usuários!$A:$I,COLUMN($H$1),0) -> diego.araujo | H49: =VLOOKUP(Tabela1[[#This Row],[Participante]],Usuários!$A:$I,COLUMN($I$1),0) -> 410da!@ | I49: Sim | J49: Não | K49: diego.araujo@enind.com.br | L49: A1 | M49: =IF(Tabela1[[#This Row],[Tipo_aval]]="auto","Ok",IF(ISERROR(VLOOKUP(Tabela1[[#This Row],[Participante]],Atualização!$B:$B,1,FALSE)),"Ok","Atualizar")) -> Ok | N49: =IF(OR(Tabela1[[#This Row],[Status]]="Ok",Tabela1[[#This Row],[Tipo_aval]]="auto"),Tabela1[[#This Row],[Avaliador]],IF(Tabela1[[#This Row],[Tipo_aval]]="Avaliador1",VLOOKUP(Tabela1[[#This Row],[Participante]],Atualização!$B:$J,COLUMN($F$1)-1,FALSE),VLOOKUP(Tabela1[[#This Row],[Participante]],Atualização!$B:$J,COLUMN($H$1)-1,FALSE))) -> Diego Freitas Araujo | O49: =IF(IFERROR(VLOOKUP(Tabela1[[#This Row],[Novo_Avaliador]],Usuários!$A:$B,2,FALSE),"")="","",IFERROR(VLOOKUP(Tabela1[[#This Row],[Novo_Avaliador]],Usuários!$A:$B,2,FALSE),"")) -> diego.araujo@enind.com.br | P49: =IF(Tabela1[[#This Row],[Novo_Avaliador]]=Tabela1[[#This Row],[Avaliador]],"Sim","Não") -> Sim | Q49: =Tabela1[[#This Row],[email_repres]]=Tabela1[[#This Row],[e-mail novo avaliador]] -> TRUE
A50: Diego Santos de Oliveira | B50: Diego Santos de Oliveira | C50: diego.santos@enind.com.br | D50: auto | E50: =VLOOKUP(Tabela1[[#This Row],[Avaliador]],Usuários!A:I,COLUMN($H$1),0) -> diego.santos | F50: =VLOOKUP(Tabela1[[#This Row],[Avaliador]],Usuários!$A:$I,COLUMN($I$1),0) -> 334ds!@ | G50: =VLOOKUP(Tabela1[[#This Row],[Participante]],Usuários!$A:$I,COLUMN($H$1),0) -> diego.santos | H50: =VLOOKUP(Tabela1[[#This Row],[Participante]],Usuários!$A:$I,COLUMN($I$1),0) -> 334ds!@ | I50: Sim | J50: Não | K50: diego.santos@enind.com.br | L50: A1 | M50: =IF(Tabela1[[#This Row],[Tipo_aval]]="auto","Ok",IF(ISERROR(VLOOKUP(Tabela1[[#This Row],[Participante]],Atualização!$B:$B,1,FALSE)),"Ok","Atualizar")) -> Ok | N50: =IF(OR(Tabela1[[#This Row],[Status]]="Ok",Tabela1[[#This Row],[Tipo_aval]]="auto"),Tabela1[[#This Row],[Avaliador]],IF(Tabela1[[#This Row],[Tipo_aval]]="Avaliador1",VLOOKUP(Tabela1[[#This Row],[Participante]],Atualização!$B:$J,COLUMN($F$1)-1,FALSE),VLOOKUP(Tabela1[[#This Row],[Participante]],Atualização!$B:$J,COLUMN($H$1)-1,FALSE))) -> Diego Santos de Oliveira | O50: =IF(IFERROR(VLOOKUP(Tabela1[[#This Row],[Novo_Avaliador]],Usuários!$A:$B,2,FALSE),"")="","",IFERROR(VLOOKUP(Tabela1[[#This Row],[Novo_Avaliador]],Usuários!$A:$B,2,FALSE),"")) -> diego.santos@enind.com.br | P50: =IF(Tabela1[[#This Row],[Novo_Avaliador]]=Tabela1[[#This Row],[Avaliador]],"Sim","Não") -> Sim | Q50: =Tabela1[[#This Row],[email_repres]]=Tabela1[[#This Row],[e-mail novo avaliador]] -> TRUE
A51: Antonio Benedito Filho | B51: Diego Santos de Oliveira | C51: diego.santos@enind.com.br | D51: avaliador1 | E51: =VLOOKUP(Tabela1[[#This Row],[Avaliador]],Usuários!A:I,COLUMN($H$1),0) -> diego.santos | F51: =VLOOKUP(Tabela1[[#This Row],[Avaliador]],Usuários!$A:$I,COLUMN($I$1),0) -> 334ds!@ | G51: =VLOOKUP(Tabela1[[#This Row],[Participante]],Usuários!$A:$I,COLUMN($H$1),0) -> antonio.filho | H51: =VLOOKUP(Tabela1[[#This Row],[Participante]],Usuários!$A:$I,COLUMN($I$1),0) -> 897af!@ | I51: Sim | J51: Não | K51: diego.santos@enind.com.br | L51: A3 | M51: =IF(Tabela1[[#This Row],[Tipo_aval]]="auto","Ok",IF(ISERROR(VLOOKUP(Tabela1[[#This Row],[Participante]],Atualização!$B:$B,1,FALSE)),"Ok","Atualizar")) -> Ok | N51: =IF(OR(Tabela1[[#This Row],[Status]]="Ok",Tabela1[[#This Row],[Tipo_aval]]="auto"),Tabela1[[#This Row],[Avaliador]],IF(Tabela1[[#This Row],[Tipo_aval]]="Avaliador1",VLOOKUP(Tabela1[[#This Row],[Participante]],Atualização!$B:$J,COLUMN($F$1)-1,FALSE),VLOOKUP(Tabela1[[#This Row],[Participante]],Atualização!$B:$J,COLUMN($H$1)-1,FALSE))) -> Diego Santos de Oliveira | O51: =IF(IFERROR(VLOOKUP(Tabela1[[#This Row],[Novo_Avaliador]],Usuários!$A:$B,2,FALSE),"")="","",IFERROR(VLOOKUP(Tabela1[[#This Row],[Novo_Avaliador]],Usuários!$A:$B,2,FALSE),"")) -> diego.santos@enind.com.br | P51: =IF(Tabela1[[#This Row],[Novo_Avaliador]]=Tabela1[[#This Row],[Avaliador]],"Sim","Não") -> Sim | Q51: =Tabela1[[#This Row],[email_repres]]=Tabela1[[#This Row],[e-mail novo avaliador]] -> TRUE
A52: Cicero Luis De Melo | B52: Diego Santos de Oliveira | C52: diego.santos@enind.com.br | D52: avaliador1 | E52: =VLOOKUP(Tabela1[[#This Row],[Avaliador]],Usuários!A:I,COLUMN($H$1),0) -> diego.santos | F52: =VLOOKUP(Tabela1[[#This Row],[Avaliador]],Usuários!$A:$I,COLUMN($I$1),0) -> 334ds!@ | G52: =VLOOKUP(Tabela1[[#This Row],[Participante]],Usuários!$A:$I,COLUMN($H$1),0) -> cicero.melo | H52: =VLOOKUP(Tabela1[[#This Row],[Participante]],Usuários!$A:$I,COLUMN($I$1),0) -> 003cm!@ | I52: Sim | J52: Não | K52: diego.santos@enind.com.br | L52: A3 | M52: =IF(Tabela1[[#This Row],[Tipo_aval]]="auto","Ok",IF(ISERROR(VLOOKUP(Tabela1[[#This Row],[Participante]],Atualização!$B:$B,1,FALSE)),"Ok","Atualizar")) -> Ok | N52: =IF(OR(Tabela1[[#This Row],[Status]]="Ok",Tabela1[[#This Row],[Tipo_aval]]="auto"),Tabela1[[#This Row],[Avaliador]],IF(Tabela1[[#This Row],[Tipo_aval]]="Avaliador1",VLOOKUP(Tabela1[[#This Row],[Participante]],Atualização!$B:$J,COLUMN($F$1)-1,FALSE),VLOOKUP(Tabela1[[#This Row],[Participante]],Atualização!$B:$J,COLUMN($H$1)-1,FALSE))) -> Diego Santos de Oliveira | O52: =IF(IFERROR(VLOOKUP(Tabela1[[#This Row],[Novo_Avaliador]],Usuários!$A:$B,2,FALSE),"")="","",IFERROR(VLOOKUP(Tabela1[[#This Row],[Novo_Avaliador]],Usuários!$A:$B,2,FALSE),"")) -> diego.santos@enind.com.br | P52: =IF(Tabela1[[#This Row],[Novo_Avaliador]]=Tabela1[[#This Row],[Avaliador]],"Sim","Não") -> Sim | Q52: =Tabela1[[#This Row],[email_repres]]=Tabela1[[#This Row],[e-mail novo avaliador]] -> TRUE
A53: Josiel de Oliveira Silva | B53: Diego Santos de Oliveira | C53: diego.santos@enind.com.br | D53: avaliador1 | E53: =VLOOKUP(Tabela1[[#This Row],[Avaliador]],Usuários!A:I,COLUMN($H$1),0) -> diego.santos | F53: =VLOOKUP(Tabela1[[#This Row],[Avaliador]],Usuários!$A:$I,COLUMN($I$1),0) -> 334ds!@ | G53: =VLOOKUP(Tabela1[[#This Row],[Participante]],Usuários!$A:$I,COLUMN($H$1),0) -> josiel.silva | H53: =VLOOKUP(Tabela1[[#This Row],[Participante]],Usuários!$A:$I,COLUMN($I$1),0) -> 162js!@ | I53: Sim | J53: Não | K53: diego.santos@enind.com.br | L53: A3 | M53: =IF(Tabela1[[#This Row],[Tipo_aval]]="auto","Ok",IF(ISERROR(VLOOKUP(Tabela1[[#This Row],[Participante]],Atualização!$B:$B,1,FALSE)),"Ok","Atualizar")) -> Ok | N53: =IF(OR(Tabela1[[#This Row],[Status]]="Ok",Tabela1[[#This Row],[Tipo_aval]]="auto"),Tabela1[[#This Row],[Avaliador]],IF(Tabela1[[#This Row],[Tipo_aval]]="Avaliador1",VLOOKUP(Tabela1[[#This Row],[Participante]],Atualização!$B:$J,COLUMN($F$1)-1,FALSE),VLOOKUP(Tabela1[[#This Row],[Participante]],Atualização!$B:$J,COLUMN($H$1)-1,FALSE))) -> Diego Santos de Oliveira | O53: =IF(IFERROR(VLOOKUP(Tabela1[[#This Row],[Novo_Avaliador]],Usuários!$A:$B,2,FALSE),"")="","",IFERROR(VLOOKUP(Tabela1[[#This Row],[Novo_Avaliador]],Usuários!$A:$B,2,FALSE),"")) -> diego.santos@enind.com.br | P53: =IF(Tabela1[[#This Row],[Novo_Avaliador]]=Tabela1[[#This Row],[Avaliador]],"Sim","Não") -> Sim | Q53: =Tabela1[[#This Row],[email_repres]]=Tabela1[[#This Row],[e-mail novo avaliador]] -> TRUE
A54: Eder da Silva Fernandes | B54: Eder da Silva Fernandes | C54: eder.fernandes@enindservicos.com.br | D54: auto | E54: =VLOOKUP(Tabela1[[#This Row],[Avaliador]],Usuários!A:I,COLUMN($H$1),0) -> eder.fernandes | F54: =VLOOKUP(Tabela1[[#This Row],[Avaliador]],Usuários!$A:$I,COLUMN($I$1),0) -> 130ef!@ | G54: =VLOOKUP(Tabela1[[#This Row],[Participante]],Usuários!$A:$I,COLUMN($H$1),0) -> eder.fernandes | H54: =VLOOKUP(Tabela1[[#This Row],[Participante]],Usuários!$A:$I,COLUMN($I$1),0) -> 130ef!@ | I54: Sim | J54: Não | K54: eder.fernandes@enindservicos.com.br | L54: A2 | M54: =IF(Tabela1[[#This Row],[Tipo_aval]]="auto","Ok",IF(ISERROR(VLOOKUP(Tabela1[[#This Row],[Participante]],Atualização!$B:$B,1,FALSE)),"Ok","Atualizar")) -> Ok | N54: =IF(OR(Tabela1[[#This Row],[Status]]="Ok",Tabela1[[#This Row],[Tipo_aval]]="auto"),Tabela1[[#This Row],[Avaliador]],IF(Tabela1[[#This Row],[Tipo_aval]]="Avaliador1",VLOOKUP(Tabela1[[#This Row],[Participante]],Atualização!$B:$J,COLUMN($F$1)-1,FALSE),VLOOKUP(Tabela1[[#This Row],[Participante]],Atualização!$B:$J,COLUMN($H$1)-1,FALSE))) -> Eder da Silva Fernandes | O54: =IF(IFERROR(VLOOKUP(Tabela1[[#This Row],[Novo_Avaliador]],Usuários!$A:$B,2,FALSE),"")="","",IFERROR(VLOOKUP(Tabela1[[#This Row],[Novo_Avaliador]],Usuários!$A:$B,2,FALSE),"")) -> eder.fernandes@enindservicos.com.br | P54: =IF(Tabela1[[#This Row],[Novo_Avaliador]]=Tabela1[[#This Row],[Avaliador]],"Sim","Não") -> Sim | Q54: =Tabela1[[#This Row],[email_repres]]=Tabela1[[#This Row],[e-mail novo avaliador]] -> TRUE
A55: Ediberto Ronei Pescaroli | B55: Ediberto Ronei Pescaroli | C55: ediberto.pescaroli@enindservicos.com.br | D55: auto | E55: =VLOOKUP(Tabela1[[#This Row],[Avaliador]],Usuários!A:I,COLUMN($H$1),0) -> ediberto.pescaroli | F55: =VLOOKUP(Tabela1[[#This Row],[Avaliador]],Usuários!$A:$I,COLUMN($I$1),0) -> 160ep!@ | G55: =VLOOKUP(Tabela1[[#This Row],[Participante]],Usuários!$A:$I,COLUMN($H$1),0) -> ediberto.pescaroli | H55: =VLOOKUP(Tabela1[[#This Row],[Participante]],Usuários!$A:$I,COLUMN($I$1),0) -> 160ep!@ | I55: Sim | J55: Não | K55: ediberto.pescaroli@enindservicos.com.br | L55: A2 | M55: =IF(Tabela1[[#This Row],[Tipo_aval]]="auto","Ok",IF(ISERROR(VLOOKUP(Tabela1[[#This Row],[Participante]],Atualização!$B:$B,1,FALSE)),"Ok","Atualizar")) -> Ok | N55: =IF(OR(Tabela1[[#This Row],[Status]]="Ok",Tabela1[[#This Row],[Tipo_aval]]="auto"),Tabela1[[#This Row],[Avaliador]],IF(Tabela1[[#This Row],[Tipo_aval]]="Avaliador1",VLOOKUP(Tabela1[[#This Row],[Participante]],Atualização!$B:$J,COLUMN($F$1)-1,FALSE),VLOOKUP(Tabela1[[#This Row],[Participante]],Atualização!$B:$J,COLUMN($H$1)-1,FALSE))) -> Ediberto Ronei Pescaroli | O55: =IF(IFERROR(VLOOKUP(Tabela1[[#This Row],[Novo_Avaliador]],Usuários!$A:$B,2,FALSE),"")="","",IFERROR(VLOOKUP(Tabela1[[#This Row],[Novo_Avaliador]],Usuários!$A:$B,2,FALSE),"")) -> ediberto.pescaroli@enindservicos.com.br | P55: =IF(Tabela1[[#This Row],[Novo_Avaliador]]=Tabela1[[#This Row],[Avaliador]],"Sim","Não") -> Sim | Q55: =Tabela1[[#This Row],[email_repres]]=Tabela1[[#This Row],[e-mail novo avaliador]] -> TRUE
A56: Eliza Crisley Lima Moreira | B56: Eliza Crisley Lima Moreira | C56: eliza.moreira@enind.com.br | D56: auto | E56: =VLOOKUP(Tabela1[[#This Row],[Avaliador]],Usuários!A:I,COLUMN($H$1),0) -> eliza.moreira | F56: =VLOOKUP(Tabela1[[#This Row],[Avaliador]],Usuários!$A:$I,COLUMN($I$1),0) -> 650em!@ | G56: =VLOOKUP(Tabela1[[#This Row],[Participante]],Usuários!$A:$I,COLUMN($H$1),0) -> eliza.moreira | H56: =VLOOKUP(Tabela1[[#This Row],[Participante]],Usuários!$A:$I,COLUMN($I$1),0) -> 650em!@ | I56: Sim | J56: Não | K56: eliza.moreira@enind.com.br | L56: A1 | M56: =IF(Tabela1[[#This Row],[Tipo_aval]]="auto","Ok",IF(ISERROR(VLOOKUP(Tabela1[[#This Row],[Participante]],Atualização!$B:$B,1,FALSE)),"Ok","Atualizar")) -> Ok | N56: =IF(OR(Tabela1[[#This Row],[Status]]="Ok",Tabela1[[#This Row],[Tipo_aval]]="auto"),Tabela1[[#This Row],[Avaliador]],IF(Tabela1[[#This Row],[Tipo_aval]]="Avaliador1",VLOOKUP(Tabela1[[#This Row],[Participante]],Atualização!$B:$J,COLUMN($F$1)-1,FALSE),VLOOKUP(Tabela1[[#This Row],[Participante]],Atualização!$B:$J,COLUMN($H$1)-1,FALSE))) -> Eliza Crisley Lima Moreira | O56: =IF(IFERROR(VLOOKUP(Tabela1[[#This Row],[Novo_Avaliador]],Usuários!$A:$B,2,FALSE),"")="","",IFERROR(VLOOKUP(Tabela1[[#This Row],[Novo_Avaliador]],Usuários!$A:$B,2,FALSE),"")) -> eliza.moreira@enind.com.br | P56: =IF(Tabela1[[#This Row],[Novo_Avaliador]]=Tabela1[[#This Row],[Avaliador]],"Sim","Não") -> Sim | Q56: =Tabela1[[#This Row],[email_repres]]=Tabela1[[#This Row],[e-mail novo avaliador]] -> TRUE
A57: James Alembert Custodio | B57: Eliza Crisley Lima Moreira | C57: eliza.moreira@enind.com.br | D57: avaliador1 | E57: =VLOOKUP(Tabela1[[#This Row],[Avaliador]],Usuários!A:I,COLUMN($H$1),0) -> eliza.moreira | F57: =VLOOKUP(Tabela1[[#This Row],[Avaliador]],Usuários!$A:$I,COLUMN($I$1),0) -> 650em!@ | G57: =VLOOKUP(Tabela1[[#This Row],[Participante]],Usuários!$A:$I,COLUMN($H$1),0) -> james.custodio | H57: =VLOOKUP(Tabela1[[#This Row],[Participante]],Usuários!$A:$I,COLUMN($I$1),0) -> 519jc!@ | I57: Sim | J57: Não | K57: eliza.moreira@enind.com.br | L57: A2 | M57: =IF(Tabela1[[#This Row],[Tipo_aval]]="auto","Ok",IF(ISERROR(VLOOKUP(Tabela1[[#This Row],[Participante]],Atualização!$B:$B,1,FALSE)),"Ok","Atualizar")) -> Ok | N57: =IF(OR(Tabela1[[#This Row],[Status]]="Ok",Tabela1[[#This Row],[Tipo_aval]]="auto"),Tabela1[[#This Row],[Avaliador]],IF(Tabela1[[#This Row],[Tipo_aval]]="Avaliador1",VLOOKUP(Tabela1[[#This Row],[Participante]],Atualização!$B:$J,COLUMN($F$1)-1,FALSE),VLOOKUP(Tabela1[[#This Row],[Participante]],Atualização!$B:$J,COLUMN($H$1)-1,FALSE))) -> Eliza Crisley Lima Moreira | O57: =IF(IFERROR(VLOOKUP(Tabela1[[#This Row],[Novo_Avaliador]],Usuários!$A:$B,2,FALSE),"")="","",IFERROR(VLOOKUP(Tabela1[[#This Row],[Novo_Avaliador]],Usuários!$A:$B,2,FALSE),"")) -> eliza.moreira@enind.com.br | P57: =IF(Tabela1[[#This Row],[Novo_Avaliador]]=Tabela1[[#This Row],[Avaliador]],"Sim","Não") -> Sim | Q57: =Tabela1[[#This Row],[email_repres]]=Tabela1[[#This Row],[e-mail novo avaliador]] -> TRUE
A58: Jose Roberto Fernandes Alves | B58: Eliza Crisley Lima Moreira | C58: eliza.moreira@enind.com.br | D58: avaliador1 | E58: =VLOOKUP(Tabela1[[#This Row],[Avaliador]],Usuários!A:I,COLUMN($H$1),0) -> eliza.moreira | F58: =VLOOKUP(Tabela1[[#This Row],[Avaliador]],Usuários!$A:$I,COLUMN($I$1),0) -> 650em!@ | G58: =VLOOKUP(Tabela1[[#This Row],[Participante]],Usuários!$A:$I,COLUMN($H$1),0) -> jose.alves | H58: =VLOOKUP(Tabela1[[#This Row],[Participante]],Usuários!$A:$I,COLUMN($I$1),0) -> 882ja!@ | I58: Não | J58: Não | K58: eliza.moreira@enind.com.br | L58: A2 | M58: =IF(Tabela1[[#This Row],[Tipo_aval]]="auto","Ok",IF(ISERROR(VLOOKUP(Tabela1[[#This Row],[Participante]],Atualização!$B:$B,1,FALSE)),"Ok","Atualizar")) -> Ok | N58: =IF(OR(Tabela1[[#This Row],[Status]]="Ok",Tabela1[[#This Row],[Tipo_aval]]="auto"),Tabela1[[#This Row],[Avaliador]],IF(Tabela1[[#This Row],[Tipo_aval]]="Avaliador1",VLOOKUP(Tabela1[[#This Row],[Participante]],Atualização!$B:$J,COLUMN($F$1)-1,FALSE),VLOOKUP(Tabela1[[#This Row],[Participante]],Atualização!$B:$J,COLUMN($H$1)-1,FALSE))) -> Eliza Crisley Lima Moreira | O58: =IF(IFERROR(VLOOKUP(Tabela1[[#This Row],[Novo_Avaliador]],Usuários!$A:$B,2,FALSE),"")="","",IFERROR(VLOOKUP(Tabela1[[#This Row],[Novo_Avaliador]],Usuários!$A:$B,2,FALSE),"")) -> eliza.moreira@enind.com.br | P58: =IF(Tabela1[[#This Row],[Novo_Avaliador]]=Tabela1[[#This Row],[Avaliador]],"Sim","Não") -> Sim | Q58: =Tabela1[[#This Row],[email_repres]]=Tabela1[[#This Row],[e-mail novo avaliador]] -> TRUE
A59: Nazareno Luiz da Silva Neto | B59: Eliza Crisley Lima Moreira | C59: eliza.moreira@enind.com.br | D59: avaliador1 | E59: =VLOOKUP(Tabela1[[#This Row],[Avaliador]],Usuários!A:I,COLUMN($H$1),0) -> eliza.moreira | F59: =VLOOKUP(Tabela1[[#This Row],[Avaliador]],Usuários!$A:$I,COLUMN($I$1),0) -> 650em!@ | G59: =VLOOKUP(Tabela1[[#This Row],[Participante]],Usuários!$A:$I,COLUMN($H$1),0) -> nazareno.neto | H59: =VLOOKUP(Tabela1[[#This Row],[Participante]],Usuários!$A:$I,COLUMN($I$1),0) -> 202nn!@ | I59: Sim | J59: Não | K59: eliza.moreira@enind.com.br | L59: A2 | M59: =IF(Tabela1[[#This Row],[Tipo_aval]]="auto","Ok",IF(ISERROR(VLOOKUP(Tabela1[[#This Row],[Participante]],Atualização!$B:$B,1,FALSE)),"Ok","Atualizar")) -> Ok | N59: =IF(OR(Tabela1[[#This Row],[Status]]="Ok",Tabela1[[#This Row],[Tipo_aval]]="auto"),Tabela1[[#This Row],[Avaliador]],IF(Tabela1[[#This Row],[Tipo_aval]]="Avaliador1",VLOOKUP(Tabela1[[#This Row],[Participante]],Atualização!$B:$J,COLUMN($F$1)-1,FALSE),VLOOKUP(Tabela1[[#This Row],[Participante]],Atualização!$B:$J,COLUMN($H$1)-1,FALSE))) -> Eliza Crisley Lima Moreira | O59: =IF(IFERROR(VLOOKUP(Tabela1[[#This Row],[Novo_Avaliador]],Usuários!$A:$B,2,FALSE),"")="","",IFERROR(VLOOKUP(Tabela1[[#This Row],[Novo_Avaliador]],Usuários!$A:$B,2,FALSE),"")) -> eliza.moreira@enind.com.br | P59: =IF(Tabela1[[#This Row],[Novo_Avaliador]]=Tabela1[[#This Row],[Avaliador]],"Sim","Não") -> Sim | Q59: =Tabela1[[#This Row],[email_repres]]=Tabela1[[#This Row],[e-mail novo avaliador]] -> TRUE
A60: Paulo Ferreira Da Costa | B60: Eliza Crisley Lima Moreira | C60: eliza.moreira@enind.com.br | D60: avaliador1 | E60: =VLOOKUP(Tabela1[[#This Row],[Avaliador]],Usuários!A:I,COLUMN($H$1),0) -> eliza.moreira | F60: =VLOOKUP(Tabela1[[#This Row],[Avaliador]],Usuários!$A:$I,COLUMN($I$1),0) -> 650em!@ | G60: =VLOOKUP(Tabela1[[#This Row],[Participante]],Usuários!$A:$I,COLUMN($H$1),0) -> paulo.costa | H60: =VLOOKUP(Tabela1[[#This Row],[Participante]],Usuários!$A:$I,COLUMN($I$1),0) -> 745pc!@ | I60: Sim | J60: Não | K60: eliza.moreira@enind.com.br | L60: A3 | M60: =IF(Tabela1[[#This Row],[Tipo_aval]]="auto","Ok",IF(ISERROR(VLOOKUP(Tabela1[[#This Row],[Participante]],Atualização!$B:$B,1,FALSE)),"Ok","Atualizar")) -> Ok | N60: =IF(OR(Tabela1[[#This Row],[Status]]="Ok",Tabela1[[#This Row],[Tipo_aval]]="auto"),Tabela1[[#This Row],[Avaliador]],IF(Tabela1[[#This Row],[Tipo_aval]]="Avaliador1",VLOOKUP(Tabela1[[#This Row],[Participante]],Atualização!$B:$J,COLUMN($F$1)-1,FALSE),VLOOKUP(Tabela1[[#This Row],[Participante]],Atualização!$B:$J,COLUMN($H$1)-1,FALSE))) -> Eliza Crisley Lima Moreira | O60: =IF(IFERROR(VLOOKUP(Tabela1[[#This Row],[Novo_Avaliador]],Usuários!$A:$B,2,FALSE),"")="","",IFERROR(VLOOKUP(Tabela1[[#This Row],[Novo_Avaliador]],Usuários!$A:$B,2,FALSE),"")) -> eliza.moreira@enind.com.br | P60: =IF(Tabela1[[#This Row],[Novo_Avaliador]]=Tabela1[[#This Row],[Avaliador]],"Sim","Não") -> Sim | Q60: =Tabela1[[#This Row],[email_repres]]=Tabela1[[#This Row],[e-mail novo avaliador]] -> TRUE
... A79: Andre dos Santos Eusebio | B79: Evandro Luis Idalgo de Oliveira | C79: evandro.idalgo@enind.com.br | D79: avaliador2 | E79: =VLOOKUP(Tabela1[[#This Row],[Avaliador]],Usuários!A:I,COLUMN($H$1),0) -> evandro.idalgo | F79: =VLOOKUP(Tabela1[[#This Row],[Avaliador]],Usuários!$A:$I,COLUMN($I$1),0) -> 837ei!@ | G79: =VLOOKUP(Tabela1[[#This Row],[Participante]],Usuários!$A:$I,COLUMN($H$1),0) -> andre.eusebio | H79: =VLOOKUP(Tabela1[[#This Row],[Participante]],Usuários!$A:$I,COLUMN($I$1),0) -> 179ae!@ | I79: Não | J79: Não | K79: evandro.idalgo@enind.com.br | L79: A2 | M79: =IF(Tabela1[[#This Row],[Tipo_aval]]="auto","Ok",IF(ISERROR(VLOOKUP(Tabela1[[#This Row],[Participante]],Atualização!$B:$B,1,FALSE)),"Ok","Atualizar")) -> Ok | N79: =IF(OR(Tabela1[[#This Row],[Status]]="Ok",Tabela1[[#This Row],[Tipo_aval]]="auto"),Tabela1[[#This Row],[Avaliador]],IF(Tabela1[[#This Row],[Tipo_aval]]="Avaliador1",VLOOKUP(Tabela1[[#This Row],[Participante]],Atualização!$B:$J,COLUMN($F$1)-1,FALSE),VLOOKUP(Tabela1[[#This Row],[Participante]],Atualização!$B:$J,COLUMN($H$1)-1,FALSE))) -> Evandro Luis Idalgo de Oliveira | O79: =IF(IFERROR(VLOOKUP(Tabela1[[#This Row],[Novo_Avaliador]],Usuários!$A:$B,2,FALSE),"")="","",IFERROR(VLOOKUP(Tabela1[[#This Row],[Novo_Avaliador]],Usuários!$A:$B,2,FALSE),"")) -> evandro.idalgo@enind.com.br | P79: =IF(Tabela1[[#This Row],[Novo_Avaliador]]=Tabela1[[#This Row],[Avaliador]],"Sim","Não") -> Sim | Q79: =Tabela1[[#This Row],[email_repres]]=Tabela1[[#This Row],[e-mail novo avaliador]] -> TRUE
A80: Valeria Carvalho Souza | B80: Evandro Luis Idalgo de Oliveira | C80: evandro.idalgo@enind.com.br | D80: avaliador1 | E80: =VLOOKUP(Tabela1[[#This Row],[Avaliador]],Usuários!A:I,COLUMN($H$1),0) -> evandro.idalgo | F80: =VLOOKUP(Tabela1[[#This Row],[Avaliador]],Usuários!$A:$I,COLUMN($I$1),0) -> 837ei!@ | G80: =VLOOKUP(Tabela1[[#This Row],[Participante]],Usuários!$A:$I,COLUMN($H$1),0) -> valeria.souza | H80: =VLOOKUP(Tabela1[[#This Row],[Participante]],Usuários!$A:$I,COLUMN($I$1),0) -> 110vs!@ | I80: Não | J80: Não | K80: =Tabela1[[#This Row],[Email]] -> evandro.idalgo@enind.com.br | L80: A1 | M80: =IF(Tabela1[[#This Row],[Tipo_aval]]="auto","Ok",IF(ISERROR(VLOOKUP(Tabela1[[#This Row],[Participante]],Atualização!$B:$B,1,FALSE)),"Ok","Atualizar")) -> Atualizar | N80: =IF(OR(Tabela1[[#This Row],[Status]]="Ok",Tabela1[[#This Row],[Tipo_aval]]="auto"),Tabela1[[#This Row],[Avaliador]],IF(Tabela1[[#This Row],[Tipo_aval]]="Avaliador1",VLOOKUP(Tabela1[[#This Row],[Participante]],Atualização!$B:$J,COLUMN($F$1)-1,FALSE),VLOOKUP(Tabela1[[#This Row],[Participante]],Atualização!$B:$J,COLUMN($H$1)-1,FALSE))) -> Evandro Luis Idalgo de Oliveira | O80: =IF(IFERROR(VLOOKUP(Tabela1[[#This Row],[Novo_Avaliador]],Usuários!$A:$B,2,FALSE),"")="","",IFERROR(VLOOKUP(Tabela1[[#This Row],[Novo_Avaliador]],Usuários!$A:$B,2,FALSE),"")) -> evandro.idalgo@enind.com.br | P80: =IF(Tabela1[[#This Row],[Novo_Avaliador]]=Tabela1[[#This Row],[Avaliador]],"Sim","Não") -> Sim | Q80: =Tabela1[[#This Row],[email_repres]]=Tabela1[[#This Row],[e-mail novo avaliador]] -> TRUE
A81: Thiago de Moura Rodrigues | B81: Evandro Luis Idalgo de Oliveira | C81: evandro.idalgo@enind.com.br | D81: avaliador2 | E81: =VLOOKUP(Tabela1[[#This Row],[Avaliador]],Usuários!A:I,COLUMN($H$1),0) -> evandro.idalgo | F81: =VLOOKUP(Tabela1[[#This Row],[Avaliador]],Usuários!$A:$I,COLUMN($I$1),0) -> 837ei!@ | G81: =VLOOKUP(Tabela1[[#This Row],[Participante]],Usuários!$A:$I,COLUMN($H$1),0) -> thiago.rodrigues | H81: =VLOOKUP(Tabela1[[#This Row],[Participante]],Usuários!$A:$I,COLUMN($I$1),0) -> 722tr!@ | I81: Não | J81: Não | K81: =Tabela1[[#This Row],[Email]] -> evandro.idalgo@enind.com.br | L81: A1 | M81: =IF(Tabela1[[#This Row],[Tipo_aval]]="auto","Ok",IF(ISERROR(VLOOKUP(Tabela1[[#This Row],[Participante]],Atualização!$B:$B,1,FALSE)),"Ok","Atualizar")) -> Atualizar | N81: =IF(OR(Tabela1[[#This Row],[Status]]="Ok",Tabela1[[#This Row],[Tipo_aval]]="auto"),Tabela1[[#This Row],[Avaliador]],IF(Tabela1[[#This Row],[Tipo_aval]]="Avaliador1",VLOOKUP(Tabela1[[#This Row],[Participante]],Atualização!$B:$J,COLUMN($F$1)-1,FALSE),VLOOKUP(Tabela1[[#This Row],[Participante]],Atualização!$B:$J,COLUMN($H$1)-1,FALSE))) -> Evandro Luis Idalgo de Oliveira | O81: =IF(IFERROR(VLOOKUP(Tabela1[[#This Row],[Novo_Avaliador]],Usuários!$A:$B,2,FALSE),"")="","",IFERROR(VLOOKUP(Tabela1[[#This Row],[Novo_Avaliador]],Usuários!$A:$B,2,FALSE),"")) -> evandro.idalgo@enind.com.br | P81: =IF(Tabela1[[#This Row],[Novo_Avaliador]]=Tabela1[[#This Row],[Avaliador]],"Sim","Não") -> Sim | Q81: =Tabela1[[#This Row],[email_repres]]=Tabela1[[#This Row],[e-mail novo avaliador]] -> TRUE
A82: Guilherme Luis Eberhardt | B82: Evandro Luis Idalgo de Oliveira | C82: evandro.idalgo@enind.com.br | D82: avaliador2 | E82: =VLOOKUP(Tabela1[[#This Row],[Avaliador]],Usuários!A:I,COLUMN($H$1),0) -> evandro.idalgo | F82: =VLOOKUP(Tabela1[[#This Row],[Avaliador]],Usuários!$A:$I,COLUMN($I$1),0) -> 837ei!@ | G82: =VLOOKUP(Tabela1[[#This Row],[Participante]],Usuários!$A:$I,COLUMN($H$1),0) -> guilherme.luis | H82: =VLOOKUP(Tabela1[[#This Row],[Participante]],Usuários!$A:$I,COLUMN($I$1),0) -> 038gl!@ | I82: Não | J82: Não | K82: =Tabela1[[#This Row],[Email]] -> evandro.idalgo@enind.com.br | L82: A1 | M82: =IF(Tabela1[[#This Row],[Tipo_aval]]="auto","Ok",IF(ISERROR(VLOOKUP(Tabela1[[#This Row],[Participante]],Atualização!$B:$B,1,FALSE)),"Ok","Atualizar")) -> Atualizar | N82: =IF(OR(Tabela1[[#This Row],[Status]]="Ok",Tabela1[[#This Row],[Tipo_aval]]="auto"),Tabela1[[#This Row],[Avaliador]],IF(Tabela1[[#This Row],[Tipo_aval]]="Avaliador1",VLOOKUP(Tabela1[[#This Row],[Participante]],Atualização!$B:$J,COLUMN($F$1)-1,FALSE),VLOOKUP(Tabela1[[#This Row],[Participante]],Atualização!$B:$J,COLUMN($H$1)-1,FALSE))) -> Evandro Luis Idalgo de Oliveira | O82: =IF(IFERROR(VLOOKUP(Tabela1[[#This Row],[Novo_Avaliador]],Usuários!$A:$B,2,FALSE),"")="","",IFERROR(VLOOKUP(Tabela1[[#This Row],[Novo_Avaliador]],Usuários!$A:$B,2,FALSE),"")) -> evandro.idalgo@enind.com.br | P82: =IF(Tabela1[[#This Row],[Novo_Avaliador]]=Tabela1[[#This Row],[Avaliador]],"Sim","Não") -> Sim | Q82: =Tabela1[[#This Row],[email_repres]]=Tabela1[[#This Row],[e-mail novo avaliador]] -> TRUE
A83: Maria Thais Moreira Alves | B83: Evandro Luis Idalgo de Oliveira | C83: evandro.idalgo@enind.com.br | D83: avaliador1 | E83: =VLOOKUP(Tabela1[[#This Row],[Avaliador]],Usuários!A:I,COLUMN($H$1),0) -> evandro.idalgo | F83: =VLOOKUP(Tabela1[[#This Row],[Avaliador]],Usuários!$A:$I,COLUMN($I$1),0) -> 837ei!@ | G83: =VLOOKUP(Tabela1[[#This Row],[Participante]],Usuários!$A:$I,COLUMN($H$1),0) -> thais.alves | H83: =VLOOKUP(Tabela1[[#This Row],[Participante]],Usuários!$A:$I,COLUMN($I$1),0) -> 751ta!@ | I83: Não | J83: Não | K83: =Tabela1[[#This Row],[Email]] -> evandro.idalgo@enind.com.br | L83: A1 | M83: =IF(Tabela1[[#This Row],[Tipo_aval]]="auto","Ok",IF(ISERROR(VLOOKUP(Tabela1[[#This Row],[Participante]],Atualização!$B:$B,1,FALSE)),"Ok","Atualizar")) -> Atualizar | N83: =IF(OR(Tabela1[[#This Row],[Status]]="Ok",Tabela1[[#This Row],[Tipo_aval]]="auto"),Tabela1[[#This Row],[Avaliador]],IF(Tabela1[[#This Row],[Tipo_aval]]="Avaliador1",VLOOKUP(Tabela1[[#This Row],[Participante]],Atualização!$B:$J,COLUMN($F$1)-1,FALSE),VLOOKUP(Tabela1[[#This Row],[Participante]],Atualização!$B:$J,COLUMN($H$1)-1,FALSE))) -> Evandro Luis Idalgo de Oliveira | O83: =IF(IFERROR(VLOOKUP(Tabela1[[#This Row],[Novo_Avaliador]],Usuários!$A:$B,2,FALSE),"")="","",IFERROR(VLOOKUP(Tabela1[[#This Row],[Novo_Avaliador]],Usuários!$A:$B,2,FALSE),"")) -> evandro.idalgo@enind.com.br | P83: =IF(Tabela1[[#This Row],[Novo_Avaliador]]=Tabela1[[#This Row],[Avaliador]],"Sim","Não") -> Sim | Q83: =Tabela1[[#This Row],[email_repres]]=Tabela1[[#This Row],[e-mail novo avaliador]] -> TRUE
A84: Everaldo Matias Pontes | B84: Everaldo Matias Pontes | C84: everaldo.pontes@enind.com.br | D84: auto | E84: =VLOOKUP(Tabela1[[#This Row],[Avaliador]],Usuários!A:I,COLUMN($H$1),0) -> everaldo.pontes | F84: =VLOOKUP(Tabela1[[#This Row],[Avaliador]],Usuários!$A:$I,COLUMN($I$1),0) -> 974ep!@ | G84: =VLOOKUP(Tabela1[[#This Row],[Participante]],Usuários!$A:$I,COLUMN($H$1),0) -> everaldo.pontes | H84: =VLOOKUP(Tabela1[[#This Row],[Participante]],Usuários!$A:$I,COLUMN($I$1),0) -> 974ep!@ | I84: Sim | J84: Não | K84: everaldo.pontes@enind.com.br | L84: A2 | M84: =IF(Tabela1[[#This Row],[Tipo_aval]]="auto","Ok",IF(ISERROR(VLOOKUP(Tabela1[[#This Row],[Participante]],Atualização!$B:$B,1,FALSE)),"Ok","Atualizar")) -> Ok | N84: =IF(OR(Tabela1[[#This Row],[Status]]="Ok",Tabela1[[#This Row],[Tipo_aval]]="auto"),Tabela1[[#This Row],[Avaliador]],IF(Tabela1[[#This Row],[Tipo_aval]]="Avaliador1",VLOOKUP(Tabela1[[#This Row],[Participante]],Atualização!$B:$J,COLUMN($F$1)-1,FALSE),VLOOKUP(Tabela1[[#This Row],[Participante]],Atualização!$B:$J,COLUMN($H$1)-1,FALSE))) -> Everaldo Matias Pontes | O84: =IF(IFERROR(VLOOKUP(Tabela1[[#This Row],[Novo_Avaliador]],Usuários!$A:$B,2,FALSE),"")="","",IFERROR(VLOOKUP(Tabela1[[#This Row],[Novo_Avaliador]],Usuários!$A:$B,2,FALSE),"")) -> everaldo.pontes@enind.com.br | P84: =IF(Tabela1[[#This Row],[Novo_Avaliador]]=Tabela1[[#This Row],[Avaliador]],"Sim","Não") -> Sim | Q84: =Tabela1[[#This Row],[email_repres]]=Tabela1[[#This Row],[e-mail novo avaliador]] -> TRUE
A85: Everaldo Henrique da Silva Junior | B85: Everaldo Henrique da Silva Junior | C85: everaldo.silva@enind.com.br | D85: auto | E85: =VLOOKUP(Tabela1[[#This Row],[Avaliador]],Usuários!A:I,COLUMN($H$1),0) -> everaldo.silva | F85: =VLOOKUP(Tabela1[[#This Row],[Avaliador]],Usuários!$A:$I,COLUMN($I$1),0) -> 157es!@ | G85: =VLOOKUP(Tabela1[[#This Row],[Participante]],Usuários!$A:$I,COLUMN($H$1),0) -> everaldo.silva | H85: =VLOOKUP(Tabela1[[#This Row],[Participante]],Usuários!$A:$I,COLUMN($I$1),0) -> 157es!@ | I85: Sim | J85: Não | K85: everaldo.silva@enind.com.br | L85: A1 | M85: =IF(Tabela1[[#This Row],[Tipo_aval]]="auto","Ok",IF(ISERROR(VLOOKUP(Tabela1[[#This Row],[Participante]],Atualização!$B:$B,1,FALSE)),"Ok","Atualizar")) -> Ok | N85: =IF(OR(Tabela1[[#This Row],[Status]]="Ok",Tabela1[[#This Row],[Tipo_aval]]="auto"),Tabela1[[#This Row],[Avaliador]],IF(Tabela1[[#This Row],[Tipo_aval]]="Avaliador1",VLOOKUP(Tabela1[[#This Row],[Participante]],Atualização!$B:$J,COLUMN($F$1)-1,FALSE),VLOOKUP(Tabela1[[#This Row],[Participante]],Atualização!$B:$J,COLUMN($H$1)-1,FALSE))) -> Everaldo Henrique da Silva Junior | O85: =IF(IFERROR(VLOOKUP(Tabela1[[#This Row],[Novo_Avaliador]],Usuários!$A:$B,2,FALSE),"")="","",IFERROR(VLOOKUP(Tabela1[[#This Row],[Novo_Avaliador]],Usuários!$A:$B,2,FALSE),"")) -> everaldo.silva@enind.com.br | P85: =IF(Tabela1[[#This Row],[Novo_Avaliador]]=Tabela1[[#This Row],[Avaliador]],"Sim","Não") -> Sim | Q85: =Tabela1[[#This Row],[email_repres]]=Tabela1[[#This Row],[e-mail novo avaliador]] -> TRUE
A86: Ewerton Gomes de Siqueira | B86: Ewerton Gomes de Siqueira | C86: ewerton.siqueira@enind.com.br | D86: auto | E86: =VLOOKUP(Tabela1[[#This Row],[Avaliador]],Usuários!A:I,COLUMN($H$1),0) -> ewerton.siqueira | F86: =VLOOKUP(Tabela1[[#This Row],[Avaliador]],Usuários!$A:$I,COLUMN($I$1),0) -> 630es!@ | G86: =VLOOKUP(Tabela1[[#This Row],[Participante]],Usuários!$A:$I,COLUMN($H$1),0) -> ewerton.siqueira | H86: =VLOOKUP(Tabela1[[#This Row],[Participante]],Usuários!$A:$I,COLUMN($I$1),0) -> 630es!@ | I86: Não | J86: Sim | K86: ewerton.siqueira@enind.com.br | L86: A2 | M86: =IF(Tabela1[[#This Row],[Tipo_aval]]="auto","Ok",IF(ISERROR(VLOOKUP(Tabela1[[#This Row],[Participante]],Atualização!$B:$B,1,FALSE)),"Ok","Atualizar")) -> Ok | N86: =IF(OR(Tabela1[[#This Row],[Status]]="Ok",Tabela1[[#This Row],[Tipo_aval]]="auto"),Tabela1[[#This Row],[Avaliador]],IF(Tabela1[[#This Row],[Tipo_aval]]="Avaliador1",VLOOKUP(Tabela1[[#This Row],[Participante]],Atualização!$B:$J,COLUMN($F$1)-1,FALSE),VLOOKUP(Tabela1[[#This Row],[Participante]],Atualização!$B:$J,COLUMN($H$1)-1,FALSE))) -> Ewerton Gomes de Siqueira | O86: =IF(IFERROR(VLOOKUP(Tabela1[[#This Row],[Novo_Avaliador]],Usuários!$A:$B,2,FALSE),"")="","",IFERROR(VLOOKUP(Tabela1[[#This Row],[Novo_Avaliador]],Usuários!$A:$B,2,FALSE),"")) -> ewerton.siqueira@enind.com.br | P86: =IF(Tabela1[[#This Row],[Novo_Avaliador]]=Tabela1[[#This Row],[Avaliador]],"Sim","Não") -> Sim | Q86: =Tabela1[[#This Row],[email_repres]]=Tabela1[[#This Row],[e-mail novo avaliador]] -> TRUE
A87: Adenilson Lopes de Castro | B87: Everaldo Henrique da Silva Junior | C87: everaldo.silva@enind.com.br | D87: avaliador1 | E87: =VLOOKUP(Tabela1[[#This Row],[Avaliador]],Usuários!A:I,COLUMN($H$1),0) -> everaldo.silva | F87: =VLOOKUP(Tabela1[[#This Row],[Avaliador]],Usuários!$A:$I,COLUMN($I$1),0) -> 157es!@ | G87: =VLOOKUP(Tabela1[[#This Row],[Participante]],Usuários!$A:$I,COLUMN($H$1),0) -> adenilson.castro | H87: =VLOOKUP(Tabela1[[#This Row],[Participante]],Usuários!$A:$I,COLUMN($I$1),0) -> 049ac!@ | I87: Não | J87: Não | K87: everaldo.silva@enind.com.br | L87: A2 | M87: =IF(Tabela1[[#This Row],[Tipo_aval]]="auto","Ok",IF(ISERROR(VLOOKUP(Tabela1[[#This Row],[Participante]],Atualização!$B:$B,1,FALSE)),"Ok","Atualizar")) -> Ok | N87: =IF(OR(Tabela1[[#This Row],[Status]]="Ok",Tabela1[[#This Row],[Tipo_aval]]="auto"),Tabela1[[#This Row],[Avaliador]],IF(Tabela1[[#This Row],[Tipo_aval]]="Avaliador1",VLOOKUP(Tabela1[[#This Row],[Participante]],Atualização!$B:$J,COLUMN($F$1)-1,FALSE),VLOOKUP(Tabela1[[#This Row],[Participante]],Atualização!$B:$J,COLUMN($H$1)-1,FALSE))) -> Everaldo Henrique da Silva Junior | O87: =IF(IFERROR(VLOOKUP(Tabela1[[#This Row],[Novo_Avaliador]],Usuários!$A:$B,2,FALSE),"")="","",IFERROR(VLOOKUP(Tabela1[[#This Row],[Novo_Avaliador]],Usuários!$A:$B,2,FALSE),"")) -> everaldo.silva@enind.com.br | P87: =IF(Tabela1[[#This Row],[Novo_Avaliador]]=Tabela1[[#This Row],[Avaliador]],"Sim","Não") -> Sim | Q87: =Tabela1[[#This Row],[email_repres]]=Tabela1[[#This Row],[e-mail novo avaliador]] -> TRUE
A88: Antonio Felix de Lima | B88: Everaldo Henrique da Silva Junior | C88: everaldo.silva@enind.com.br | D88: avaliador1 | E88: =VLOOKUP(Tabela1[[#This Row],[Avaliador]],Usuários!A:I,COLUMN($H$1),0) -> everaldo.silva | F88: =VLOOKUP(Tabela1[[#This Row],[Avaliador]],Usuários!$A:$I,COLUMN($I$1),0) -> 157es!@ | G88: =VLOOKUP(Tabela1[[#This Row],[Participante]],Usuários!$A:$I,COLUMN($H$1),0) -> antonio.lima | H88: =VLOOKUP(Tabela1[[#This Row],[Participante]],Usuários!$A:$I,COLUMN($I$1),0) -> 034al!@ | I88: Sim | J88: Não | K88: everaldo.silva@enind.com.br | L88: A2 | M88: =IF(Tabela1[[#This Row],[Tipo_aval]]="auto","Ok",IF(ISERROR(VLOOKUP(Tabela1[[#This Row],[Participante]],Atualização!$B:$B,1,FALSE)),"Ok","Atualizar")) -> Ok | N88: =IF(OR(Tabela1[[#This Row],[Status]]="Ok",Tabela1[[#This Row],[Tipo_aval]]="auto"),Tabela1[[#This Row],[Avaliador]],IF(Tabela1[[#This Row],[Tipo_aval]]="Avaliador1",VLOOKUP(Tabela1[[#This Row],[Participante]],Atualização!$B:$J,COLUMN($F$1)-1,FALSE),VLOOKUP(Tabela1[[#This Row],[Participante]],Atualização!$B:$J,COLUMN($H$1)-1,FALSE))) -> Everaldo Henrique da Silva Junior | O88: =IF(IFERROR(VLOOKUP(Tabela1[[#This Row],[Novo_Avaliador]],Usuários!$A:$B,2,FALSE),"")="","",IFERROR(VLOOKUP(Tabela1[[#This Row],[Novo_Avaliador]],Usuários!$A:$B,2,FALSE),"")) -> everaldo.silva@enind.com.br | P88: =IF(Tabela1[[#This Row],[Novo_Avaliador]]=Tabela1[[#This Row],[Avaliador]],"Sim","Não") -> Sim | Q88: =Tabela1[[#This Row],[email_repres]]=Tabela1[[#This Row],[e-mail novo avaliador]] -> TRUE
A89: Ewerton Gomes de Siqueira | B89: Everaldo Henrique da Silva Junior | C89: everaldo.silva@enind.com.br | D89: avaliador1 | E89: =VLOOKUP(Tabela1[[#This Row],[Avaliador]],Usuários!A:I,COLUMN($H$1),0) -> everaldo.silva | F89: =VLOOKUP(Tabela1[[#This Row],[Avaliador]],Usuários!$A:$I,COLUMN($I$1),0) -> 157es!@ | G89: =VLOOKUP(Tabela1[[#This Row],[Participante]],Usuários!$A:$I,COLUMN($H$1),0) -> ewerton.siqueira | H89: =VLOOKUP(Tabela1[[#This Row],[Participante]],Usuários!$A:$I,COLUMN($I$1),0) -> 630es!@ | I89: Sim | J89: Não | K89: everaldo.silva@enind.com.br | L89: A2 | M89: =IF(Tabela1[[#This Row],[Tipo_aval]]="auto","Ok",IF(ISERROR(VLOOKUP(Tabela1[[#This Row],[Participante]],Atualização!$B:$B,1,FALSE)),"Ok","Atualizar")) -> Ok | N89: =IF(OR(Tabela1[[#This Row],[Status]]="Ok",Tabela1[[#This Row],[Tipo_aval]]="auto"),Tabela1[[#This Row],[Avaliador]],IF(Tabela1[[#This Row],[Tipo_aval]]="Avaliador1",VLOOKUP(Tabela1[[#This Row],[Participante]],Atualização!$B:$J,COLUMN($F$1)-1,FALSE),VLOOKUP(Tabela1[[#This Row],[Participante]],Atualização!$B:$J,COLUMN($H$1)-1,FALSE))) -> Everaldo Henrique da Silva Junior | O89: =IF(IFERROR(VLOOKUP(Tabela1[[#This Row],[Novo_Avaliador]],Usuários!$A:$B,2,FALSE),"")="","",IFERROR(VLOOKUP(Tabela1[[#This Row],[Novo_Avaliador]],Usuários!$A:$B,2,FALSE),"")) -> everaldo.silva@enind.com.br | P89: =IF(Tabela1[[#This Row],[Novo_Avaliador]]=Tabela1[[#This Row],[Avaliador]],"Sim","Não") -> Sim | Q89: =Tabela1[[#This Row],[email_repres]]=Tabela1[[#This Row],[e-mail novo avaliador]] -> TRUE
A90: Izaias da Silva Santos | B90: Ewerton Gomes de Siqueira | C90: ewerton.siqueira@enind.com.br | D90: avaliador1 | E90: =VLOOKUP(Tabela1[[#This Row],[Avaliador]],Usuários!A:I,COLUMN($H$1),0) -> ewerton.siqueira | F90: =VLOOKUP(Tabela1[[#This Row],[Avaliador]],Usuários!$A:$I,COLUMN($I$1),0) -> 630es!@ | G90: =VLOOKUP(Tabela1[[#This Row],[Participante]],Usuários!$A:$I,COLUMN($H$1),0) -> izaias.santos | H90: =VLOOKUP(Tabela1[[#This Row],[Participante]],Usuários!$A:$I,COLUMN($I$1),0) -> 959is!@ | I90: Não | J90: Não | K90: ewerton.siqueira@enind.com.br | L90: A3 | M90: =IF(Tabela1[[#This Row],[Tipo_aval]]="auto","Ok",IF(ISERROR(VLOOKUP(Tabela1[[#This Row],[Participante]],Atualização!$B:$B,1,FALSE)),"Ok","Atualizar")) -> Ok | N90: =IF(OR(Tabela1[[#This Row],[Status]]="Ok",Tabela1[[#This Row],[Tipo_aval]]="auto"),Tabela1[[#This Row],[Avaliador]],IF(Tabela1[[#This Row],[Tipo_aval]]="Avaliador1",VLOOKUP(Tabela1[[#This Row],[Participante]],Atualização!$B:$J,COLUMN($F$1)-1,FALSE),VLOOKUP(Tabela1[[#This Row],[Participante]],Atualização!$B:$J,COLUMN($H$1)-1,FALSE))) -> Ewerton Gomes de Siqueira | O90: =IF(IFERROR(VLOOKUP(Tabela1[[#This Row],[Novo_Avaliador]],Usuários!$A:$B,2,FALSE),"")="","",IFERROR(VLOOKUP(Tabela1[[#This Row],[Novo_Avaliador]],Usuários!$A:$B,2,FALSE),"")) -> ewerton.siqueira@enind.com.br | P90: =IF(Tabela1[[#This Row],[Novo_Avaliador]]=Tabela1[[#This Row],[Avaliador]],"Sim","Não") -> Sim | Q90: =Tabela1[[#This Row],[email_repres]]=Tabela1[[#This Row],[e-mail novo avaliador]] -> TRUE
A91: Jose Cicero da Silva | B91: Ewerton Gomes de Siqueira | C91: ewerton.siqueira@enind.com.br | D91: avaliador1 | E91: =VLOOKUP(Tabela1[[#This Row],[Avaliador]],Usuários!A:I,COLUMN($H$1),0) -> ewerton.siqueira | F91: =VLOOKUP(Tabela1[[#This Row],[Avaliador]],Usuários!$A:$I,COLUMN($I$1),0) -> 630es!@ | G91: =VLOOKUP(Tabela1[[#This Row],[Participante]],Usuários!$A:$I,COLUMN($H$1),0) -> jose.silva | H91: =VLOOKUP(Tabela1[[#This Row],[Participante]],Usuários!$A:$I,COLUMN($I$1),0) -> 153js!@ | I91: Não | J91: Não | K91: ewerton.siqueira@enind.com.br | L91: A3 | M91: =IF(Tabela1[[#This Row],[Tipo_aval]]="auto","Ok",IF(ISERROR(VLOOKUP(Tabela1[[#This Row],[Participante]],Atualização!$B:$B,1,FALSE)),"Ok","Atualizar")) -> Ok | N91: =IF(OR(Tabela1[[#This Row],[Status]]="Ok",Tabela1[[#This Row],[Tipo_aval]]="auto"),Tabela1[[#This Row],[Avaliador]],IF(Tabela1[[#This Row],[Tipo_aval]]="Avaliador1",VLOOKUP(Tabela1[[#This Row],[Participante]],Atualização!$B:$J,COLUMN($F$1)-1,FALSE),VLOOKUP(Tabela1[[#This Row],[Participante]],Atualização!$B:$J,COLUMN($H$1)-1,FALSE))) -> Ewerton Gomes de Siqueira | O91: =IF(IFERROR(VLOOKUP(Tabela1[[#This Row],[Novo_Avaliador]],Usuários!$A:$B,2,FALSE),"")="","",IFERROR(VLOOKUP(Tabela1[[#This Row],[Novo_Avaliador]],Usuários!$A:$B,2,FALSE),"")) -> ewerton.siqueira@enind.com.br | P91: =IF(Tabela1[[#This Row],[Novo_Avaliador]]=Tabela1[[#This Row],[Avaliador]],"Sim","Não") -> Sim | Q91: =Tabela1[[#This Row],[email_repres]]=Tabela1[[#This Row],[e-mail novo avaliador]] -> TRUE
A92: Jose Cicero Paulo da Silva | B92: Everaldo Henrique da Silva Junior | C92: everaldo.silva@enind.com.br | D92: avaliador1 | E92: =VLOOKUP(Tabela1[[#This Row],[Avaliador]],Usuários!A:I,COLUMN($H$1),0) -> everaldo.silva | F92: =VLOOKUP(Tabela1[[#This Row],[Avaliador]],Usuários!$A:$I,COLUMN($I$1),0) -> 157es!@ | G92: =VLOOKUP(Tabela1[[#This Row],[Participante]],Usuários!$A:$I,COLUMN($H$1),0) -> jose.paulo | H92: =VLOOKUP(Tabela1[[#This Row],[Participante]],Usuários!$A:$I,COLUMN($I$1),0) -> 673jp!@ | I92: Sim | J92: Não | K92: everaldo.silva@enind.com.br | L92: A3 | M92: =IF(Tabela1[[#This Row],[Tipo_aval]]="auto","Ok",IF(ISERROR(VLOOKUP(Tabela1[[#This Row],[Participante]],Atualização!$B:$B,1,FALSE)),"Ok","Atualizar")) -> Ok | N92: =IF(OR(Tabela1[[#This Row],[Status]]="Ok",Tabela1[[#This Row],[Tipo_aval]]="auto"),Tabela1[[#This Row],[Avaliador]],IF(Tabela1[[#This Row],[Tipo_aval]]="Avaliador1",VLOOKUP(Tabela1[[#This Row],[Participante]],Atualização!$B:$J,COLUMN($F$1)-1,FALSE),VLOOKUP(Tabela1[[#This Row],[Participante]],Atualização!$B:$J,COLUMN($H$1)-1,FALSE))) -> Everaldo Henrique da Silva Junior | O92: =IF(IFERROR(VLOOKUP(Tabela1[[#This Row],[Novo_Avaliador]],Usuários!$A:$B,2,FALSE),"")="","",IFERROR(VLOOKUP(Tabela1[[#This Row],[Novo_Avaliador]],Usuários!$A:$B,2,FALSE),"")) -> everaldo.silva@enind.com.br | P92: =IF(Tabela1[[#This Row],[Novo_Avaliador]]=Tabela1[[#This Row],[Avaliador]],"Sim","Não") -> Sim | Q92: =Tabela1[[#This Row],[email_repres]]=Tabela1[[#This Row],[e-mail novo avaliador]] -> TRUE
A93: Jose Luiz de Melo | B93: Ewerton Gomes de Siqueira | C93: ewerton.siqueira@enind.com.br | D93: avaliador1 | E93: =VLOOKUP(Tabela1[[#This Row],[Avaliador]],Usuários!A:I,COLUMN($H$1),0) -> ewerton.siqueira | F93: =VLOOKUP(Tabela1[[#This Row],[Avaliador]],Usuários!$A:$I,COLUMN($I$1),0) -> 630es!@ | G93: =VLOOKUP(Tabela1[[#This Row],[Participante]],Usuários!$A:$I,COLUMN($H$1),0) -> jose.melo | H93: =VLOOKUP(Tabela1[[#This Row],[Participante]],Usuários!$A:$I,COLUMN($I$1),0) -> 455jm!@ | I93: Não | J93: Não | K93: ewerton.siqueira@enind.com.br | L93: A3 | M93: =IF(Tabela1[[#This Row],[Tipo_aval]]="auto","Ok",IF(ISERROR(VLOOKUP(Tabela1[[#This Row],[Participante]],Atualização!$B:$B,1,FALSE)),"Ok","Atualizar")) -> Ok | N93: =IF(OR(Tabela1[[#This Row],[Status]]="Ok",Tabela1[[#This Row],[Tipo_aval]]="auto"),Tabela1[[#This Row],[Avaliador]],IF(Tabela1[[#This Row],[Tipo_aval]]="Avaliador1",VLOOKUP(Tabela1[[#This Row],[Participante]],Atualização!$B:$J,COLUMN($F$1)-1,FALSE),VLOOKUP(Tabela1[[#This Row],[Participante]],Atualização!$B:$J,COLUMN($H$1)-1,FALSE))) -> Ewerton Gomes de Siqueira | O93: =IF(IFERROR(VLOOKUP(Tabela1[[#This Row],[Novo_Avaliador]],Usuários!$A:$B,2,FALSE),"")="","",IFERROR(VLOOKUP(Tabela1[[#This Row],[Novo_Avaliador]],Usuários!$A:$B,2,FALSE),"")) -> ewerton.siqueira@enind.com.br | P93: =IF(Tabela1[[#This Row],[Novo_Avaliador]]=Tabela1[[#This Row],[Avaliador]],"Sim","Não") -> Sim | Q93: =Tabela1[[#This Row],[email_repres]]=Tabela1[[#This Row],[e-mail novo avaliador]] -> TRUE
A94: Jose Manoel da Silva | B94: Ewerton Gomes de Siqueira | C94: ewerton.siqueira@enind.com.br | D94: avaliador1 | E94: =VLOOKUP(Tabela1[[#This Row],[Avaliador]],Usuários!A:I,COLUMN($H$1),0) -> ewerton.siqueira | F94: =VLOOKUP(Tabela1[[#This Row],[Avaliador]],Usuários!$A:$I,COLUMN($I$1),0) -> 630es!@ | G94: =VLOOKUP(Tabela1[[#This Row],[Participante]],Usuários!$A:$I,COLUMN($H$1),0) -> jose.manoel | H94: =VLOOKUP(Tabela1[[#This Row],[Participante]],Usuários!$A:$I,COLUMN($I$1),0) -> 226jm!@ | I94: Não | J94: Não | K94: ewerton.siqueira@enind.com.br | L94: A3 | M94: =IF(Tabela1[[#This Row],[Tipo_aval]]="auto","Ok",IF(ISERROR(VLOOKUP(Tabela1[[#This Row],[Participante]],Atualização!$B:$B,1,FALSE)),"Ok","Atualizar")) -> Ok | N94: =IF(OR(Tabela1[[#This Row],[Status]]="Ok",Tabela1[[#This Row],[Tipo_aval]]="auto"),Tabela1[[#This Row],[Avaliador]],IF(Tabela1[[#This Row],[Tipo_aval]]="Avaliador1",VLOOKUP(Tabela1[[#This Row],[Participante]],Atualização!$B:$J,COLUMN($F$1)-1,FALSE),VLOOKUP(Tabela1[[#This Row],[Participante]],Atualização!$B:$J,COLUMN($H$1)-1,FALSE))) -> Ewerton Gomes de Siqueira | O94: =IF(IFERROR(VLOOKUP(Tabela1[[#This Row],[Novo_Avaliador]],Usuários!$A:$B,2,FALSE),"")="","",IFERROR(VLOOKUP(Tabela1[[#This Row],[Novo_Avaliador]],Usuários!$A:$B,2,FALSE),"")) -> ewerton.siqueira@enind.com.br | P94: =IF(Tabela1[[#This Row],[Novo_Avaliador]]=Tabela1[[#This Row],[Avaliador]],"Sim","Não") -> Sim | Q94: =Tabela1[[#This Row],[email_repres]]=Tabela1[[#This Row],[e-mail novo avaliador]] -> TRUE
A95: Leonardo Barros Santos | B95: Ewerton Gomes de Siqueira | C95: ewerton.siqueira@enind.com.br | D95: avaliador1 | E95: =VLOOKUP(Tabela1[[#This Row],[Avaliador]],Usuários!A:I,COLUMN($H$1),0) -> ewerton.siqueira | F95: =VLOOKUP(Tabela1[[#This Row],[Avaliador]],Usuários!$A:$I,COLUMN($I$1),0) -> 630es!@ | G95: =VLOOKUP(Tabela1[[#This Row],[Participante]],Usuários!$A:$I,COLUMN($H$1),0) -> leonardo.santos | H95: =VLOOKUP(Tabela1[[#This Row],[Participante]],Usuários!$A:$I,COLUMN($I$1),0) -> 708ls!@ | I95: Não | J95: Não | K95: ewerton.siqueira@enind.com.br | L95: A3 | M95: =IF(Tabela1[[#This Row],[Tipo_aval]]="auto","Ok",IF(ISERROR(VLOOKUP(Tabela1[[#This Row],[Participante]],Atualização!$B:$B,1,FALSE)),"Ok","Atualizar")) -> Ok | N95: =IF(OR(Tabela1[[#This Row],[Status]]="Ok",Tabela1[[#This Row],[Tipo_aval]]="auto"),Tabela1[[#This Row],[Avaliador]],IF(Tabela1[[#This Row],[Tipo_aval]]="Avaliador1",VLOOKUP(Tabela1[[#This Row],[Participante]],Atualização!$B:$J,COLUMN($F$1)-1,FALSE),VLOOKUP(Tabela1[[#This Row],[Participante]],Atualização!$B:$J,COLUMN($H$1)-1,FALSE))) -> Ewerton Gomes de Siqueira | O95: =IF(IFERROR(VLOOKUP(Tabela1[[#This Row],[Novo_Avaliador]],Usuários!$A:$B,2,FALSE),"")="","",IFERROR(VLOOKUP(Tabela1[[#This Row],[Novo_Avaliador]],Usuários!$A:$B,2,FALSE),"")) -> ewerton.siqueira@enind.com.br | P95: =IF(Tabela1[[#This Row],[Novo_Avaliador]]=Tabela1[[#This Row],[Avaliador]],"Sim","Não") -> Sim | Q95: =Tabela1[[#This Row],[email_repres]]=Tabela1[[#This Row],[e-mail novo avaliador]] -> TRUE
... A121: Guilherme Sala Silva | B121: Fabricio Romanini Bruschi | C121: fabricio.bruschi@enind.com.br | D121: avaliador2 | E121: =VLOOKUP(Tabela1[[#This Row],[Avaliador]],Usuários!A:I,COLUMN($H$1),0) -> fabricio.bruschi | F121: =VLOOKUP(Tabela1[[#This Row],[Avaliador]],Usuários!$A:$I,COLUMN($I$1),0) -> 658fb!@ | G121: =VLOOKUP(Tabela1[[#This Row],[Participante]],Usuários!$A:$I,COLUMN($H$1),0) -> guilherme.silva | H121: =VLOOKUP(Tabela1[[#This Row],[Participante]],Usuários!$A:$I,COLUMN($I$1),0) -> 942gs!@ | I121: Não | J121: Não | K121: fabricio.bruschi@enind.com.br | L121: A2 | M121: =IF(Tabela1[[#This Row],[Tipo_aval]]="auto","Ok",IF(ISERROR(VLOOKUP(Tabela1[[#This Row],[Participante]],Atualização!$B:$B,1,FALSE)),"Ok","Atualizar")) -> Ok | N121: =IF(OR(Tabela1[[#This Row],[Status]]="Ok",Tabela1[[#This Row],[Tipo_aval]]="auto"),Tabela1[[#This Row],[Avaliador]],IF(Tabela1[[#This Row],[Tipo_aval]]="Avaliador1",VLOOKUP(Tabela1[[#This Row],[Participante]],Atualização!$B:$J,COLUMN($F$1)-1,FALSE),VLOOKUP(Tabela1[[#This Row],[Participante]],Atualização!$B:$J,COLUMN($H$1)-1,FALSE))) -> Fabricio Romanini Bruschi | O121: =IF(IFERROR(VLOOKUP(Tabela1[[#This Row],[Novo_Avaliador]],Usuários!$A:$B,2,FALSE),"")="","",IFERROR(VLOOKUP(Tabela1[[#This Row],[Novo_Avaliador]],Usuários!$A:$B,2,FALSE),"")) -> fabricio.bruschi@enind.com.br | P121: =IF(Tabela1[[#This Row],[Novo_Avaliador]]=Tabela1[[#This Row],[Avaliador]],"Sim","Não") -> Sim | Q121: =Tabela1[[#This Row],[email_repres]]=Tabela1[[#This Row],[e-mail novo avaliador]] -> TRUE
A122: Weshiley Andrade Miranda da Silva | B122: Fabricio Romanini Bruschi | C122: fabricio.bruschi@enind.com.br | D122: avaliador1 | E122: =VLOOKUP(Tabela1[[#This Row],[Avaliador]],Usuários!A:I,COLUMN($H$1),0) -> fabricio.bruschi | F122: =VLOOKUP(Tabela1[[#This Row],[Avaliador]],Usuários!$A:$I,COLUMN($I$1),0) -> 658fb!@ | G122: =VLOOKUP(Tabela1[[#This Row],[Participante]],Usuários!$A:$I,COLUMN($H$1),0) -> weshiley.silva | H122: =VLOOKUP(Tabela1[[#This Row],[Participante]],Usuários!$A:$I,COLUMN($I$1),0) -> 799ws!@ | I122: Não | J122: Não | K122: =Tabela1[[#This Row],[Email]] -> fabricio.bruschi@enind.com.br | L122: A1 | M122: =IF(Tabela1[[#This Row],[Tipo_aval]]="auto","Ok",IF(ISERROR(VLOOKUP(Tabela1[[#This Row],[Participante]],Atualização!$B:$B,1,FALSE)),"Ok","Atualizar")) -> Atualizar | N122: =IF(OR(Tabela1[[#This Row],[Status]]="Ok",Tabela1[[#This Row],[Tipo_aval]]="auto"),Tabela1[[#This Row],[Avaliador]],IF(Tabela1[[#This Row],[Tipo_aval]]="Avaliador1",VLOOKUP(Tabela1[[#This Row],[Participante]],Atualização!$B:$J,COLUMN($F$1)-1,FALSE),VLOOKUP(Tabela1[[#This Row],[Participante]],Atualização!$B:$J,COLUMN($H$1)-1,FALSE))) -> Fabricio Romanini Bruschi | O122: =IF(IFERROR(VLOOKUP(Tabela1[[#This Row],[Novo_Avaliador]],Usuários!$A:$B,2,FALSE),"")="","",IFERROR(VLOOKUP(Tabela1[[#This Row],[Novo_Avaliador]],Usuários!$A:$B,2,FALSE),"")) -> fabricio.bruschi@enind.com.br | P122: =IF(Tabela1[[#This Row],[Novo_Avaliador]]=Tabela1[[#This Row],[Avaliador]],"Sim","Não") -> Sim | Q122: =Tabela1[[#This Row],[email_repres]]=Tabela1[[#This Row],[e-mail novo avaliador]] -> TRUE
A123: Mayara da Silva Santos | B123: Fabricio Romanini Bruschi | C123: fabricio.bruschi@enind.com.br | D123: avaliador2 | E123: =VLOOKUP(Tabela1[[#This Row],[Avaliador]],Usuários!A:I,COLUMN($H$1),0) -> fabricio.bruschi | F123: =VLOOKUP(Tabela1[[#This Row],[Avaliador]],Usuários!$A:$I,COLUMN($I$1),0) -> 658fb!@ | G123: =VLOOKUP(Tabela1[[#This Row],[Participante]],Usuários!$A:$I,COLUMN($H$1),0) -> mayara.santos | H123: =VLOOKUP(Tabela1[[#This Row],[Participante]],Usuários!$A:$I,COLUMN($I$1),0) -> 193ms!@ | I123: Não | J123: Não | K123: =Tabela1[[#This Row],[Email]] -> fabricio.bruschi@enind.com.br | L123: A2 | M123: =IF(Tabela1[[#This Row],[Tipo_aval]]="auto","Ok",IF(ISERROR(VLOOKUP(Tabela1[[#This Row],[Participante]],Atualização!$B:$B,1,FALSE)),"Ok","Atualizar")) -> Atualizar | N123: =IF(OR(Tabela1[[#This Row],[Status]]="Ok",Tabela1[[#This Row],[Tipo_aval]]="auto"),Tabela1[[#This Row],[Avaliador]],IF(Tabela1[[#This Row],[Tipo_aval]]="Avaliador1",VLOOKUP(Tabela1[[#This Row],[Participante]],Atualização!$B:$J,COLUMN($F$1)-1,FALSE),VLOOKUP(Tabela1[[#This Row],[Participante]],Atualização!$B:$J,COLUMN($H$1)-1,FALSE))) -> Fabricio Romanini Bruschi | O123: =IF(IFERROR(VLOOKUP(Tabela1[[#This Row],[Novo_Avaliador]],Usuários!$A:$B,2,FALSE),"")="","",IFERROR(VLOOKUP(Tabela1[[#This Row],[Novo_Avaliador]],Usuários!$A:$B,2,FALSE),"")) -> fabricio.bruschi@enind.com.br | P123: =IF(Tabela1[[#This Row],[Novo_Avaliador]]=Tabela1[[#This Row],[Avaliador]],"Sim","Não") -> Sim | Q123: =Tabela1[[#This Row],[email_repres]]=Tabela1[[#This Row],[e-mail novo avaliador]] -> TRUE
A124: Fernando Marques Correa | B124: Fernando Marques Correa | C124: fernando.correa@enind.com.br | D124: auto | E124: =VLOOKUP(Tabela1[[#This Row],[Avaliador]],Usuários!A:I,COLUMN($H$1),0) -> fernando.correa | F124: =VLOOKUP(Tabela1[[#This Row],[Avaliador]],Usuários!$A:$I,COLUMN($I$1),0) -> 968fc!@ | G124: =VLOOKUP(Tabela1[[#This Row],[Participante]],Usuários!$A:$I,COLUMN($H$1),0) -> fernando.correa | H124: =VLOOKUP(Tabela1[[#This Row],[Participante]],Usuários!$A:$I,COLUMN($I$1),0) -> 968fc!@ | I124: Sim | J124: Não | K124: fernando.correa@enind.com.br | L124: A1 | M124: =IF(Tabela1[[#This Row],[Tipo_aval]]="auto","Ok",IF(ISERROR(VLOOKUP(Tabela1[[#This Row],[Participante]],Atualização!$B:$B,1,FALSE)),"Ok","Atualizar")) -> Ok | N124: =IF(OR(Tabela1[[#This Row],[Status]]="Ok",Tabela1[[#This Row],[Tipo_aval]]="auto"),Tabela1[[#This Row],[Avaliador]],IF(Tabela1[[#This Row],[Tipo_aval]]="Avaliador1",VLOOKUP(Tabela1[[#This Row],[Participante]],Atualização!$B:$J,COLUMN($F$1)-1,FALSE),VLOOKUP(Tabela1[[#This Row],[Participante]],Atualização!$B:$J,COLUMN($H$1)-1,FALSE))) -> Fernando Marques Correa | O124: =IF(IFERROR(VLOOKUP(Tabela1[[#This Row],[Novo_Avaliador]],Usuários!$A:$B,2,FALSE),"")="","",IFERROR(VLOOKUP(Tabela1[[#This Row],[Novo_Avaliador]],Usuários!$A:$B,2,FALSE),"")) -> fernando.correa@enind.com.br | P124: =IF(Tabela1[[#This Row],[Novo_Avaliador]]=Tabela1[[#This Row],[Avaliador]],"Sim","Não") -> Sim | Q124: =Tabela1[[#This Row],[email_repres]]=Tabela1[[#This Row],[e-mail novo avaliador]] -> TRUE
A125: Everton Lisboa Bitencourt | B125: Fernando Marques Correa | C125: fernando.correa@enind.com.br | D125: avaliador2 | E125: =VLOOKUP(Tabela1[[#This Row],[Avaliador]],Usuários!A:I,COLUMN($H$1),0) -> fernando.correa | F125: =VLOOKUP(Tabela1[[#This Row],[Avaliador]],Usuários!$A:$I,COLUMN($I$1),0) -> 968fc!@ | G125: =VLOOKUP(Tabela1[[#This Row],[Participante]],Usuários!$A:$I,COLUMN($H$1),0) -> everton.bitencourt | H125: =VLOOKUP(Tabela1[[#This Row],[Participante]],Usuários!$A:$I,COLUMN($I$1),0) -> 566eb!@ | I125: Não | J125: Não | K125: fernando.correa@enind.com.br | L125: A1 | M125: =IF(Tabela1[[#This Row],[Tipo_aval]]="auto","Ok",IF(ISERROR(VLOOKUP(Tabela1[[#This Row],[Participante]],Atualização!$B:$B,1,FALSE)),"Ok","Atualizar")) -> Ok | N125: =IF(OR(Tabela1[[#This Row],[Status]]="Ok",Tabela1[[#This Row],[Tipo_aval]]="auto"),Tabela1[[#This Row],[Avaliador]],IF(Tabela1[[#This Row],[Tipo_aval]]="Avaliador1",VLOOKUP(Tabela1[[#This Row],[Participante]],Atualização!$B:$J,COLUMN($F$1)-1,FALSE),VLOOKUP(Tabela1[[#This Row],[Participante]],Atualização!$B:$J,COLUMN($H$1)-1,FALSE))) -> Fernando Marques Correa | O125: =IF(IFERROR(VLOOKUP(Tabela1[[#This Row],[Novo_Avaliador]],Usuários!$A:$B,2,FALSE),"")="","",IFERROR(VLOOKUP(Tabela1[[#This Row],[Novo_Avaliador]],Usuários!$A:$B,2,FALSE),"")) -> fernando.correa@enind.com.br | P125: =IF(Tabela1[[#This Row],[Novo_Avaliador]]=Tabela1[[#This Row],[Avaliador]],"Sim","Não") -> Sim | Q125: =Tabela1[[#This Row],[email_repres]]=Tabela1[[#This Row],[e-mail novo avaliador]] -> TRUE
A126: Alessandra Maria Tambellini | B126: Fernando Marques Correa | C126: fernando.correa@enind.com.br | D126: avaliador2 | E126: =VLOOKUP(Tabela1[[#This Row],[Avaliador]],Usuários!A:I,COLUMN($H$1),0) -> fernando.correa | F126: =VLOOKUP(Tabela1[[#This Row],[Avaliador]],Usuários!$A:$I,COLUMN($I$1),0) -> 968fc!@ | G126: =VLOOKUP(Tabela1[[#This Row],[Participante]],Usuários!$A:$I,COLUMN($H$1),0) -> alessandra.tambellini | H126: =VLOOKUP(Tabela1[[#This Row],[Participante]],Usuários!$A:$I,COLUMN($I$1),0) -> 386at!@ | I126: Não | J126: Não | K126: =Tabela1[[#This Row],[Email]] -> fernando.correa@enind.com.br | L126: A2 | M126: =IF(Tabela1[[#This Row],[Tipo_aval]]="auto","Ok",IF(ISERROR(VLOOKUP(Tabela1[[#This Row],[Participante]],Atualização!$B:$B,1,FALSE)),"Ok","Atualizar")) -> Atualizar | N126: =IF(OR(Tabela1[[#This Row],[Status]]="Ok",Tabela1[[#This Row],[Tipo_aval]]="auto"),Tabela1[[#This Row],[Avaliador]],IF(Tabela1[[#This Row],[Tipo_aval]]="Avaliador1",VLOOKUP(Tabela1[[#This Row],[Participante]],Atualização!$B:$J,COLUMN($F$1)-1,FALSE),VLOOKUP(Tabela1[[#This Row],[Participante]],Atualização!$B:$J,COLUMN($H$1)-1,FALSE))) -> Fernando Marques Correa | O126: =IF(IFERROR(VLOOKUP(Tabela1[[#This Row],[Novo_Avaliador]],Usuários!$A:$B,2,FALSE),"")="","",IFERROR(VLOOKUP(Tabela1[[#This Row],[Novo_Avaliador]],Usuários!$A:$B,2,FALSE),"")) -> fernando.correa@enind.com.br | P126: =IF(Tabela1[[#This Row],[Novo_Avaliador]]=Tabela1[[#This Row],[Avaliador]],"Sim","Não") -> Sim | Q126: =Tabela1[[#This Row],[email_repres]]=Tabela1[[#This Row],[e-mail novo avaliador]] -> TRUE
A127: Glaucia Delgado Pontes | B127: Fernando Marques Correa | C127: fernando.correa@enind.com.br | D127: avaliador2 | E127: =VLOOKUP(Tabela1[[#This Row],[Avaliador]],Usuários!A:I,COLUMN($H$1),0) -> fernando.correa | F127: =VLOOKUP(Tabela1[[#This Row],[Avaliador]],Usuários!$A:$I,COLUMN($I$1),0) -> 968fc!@ | G127: =VLOOKUP(Tabela1[[#This Row],[Participante]],Usuários!$A:$I,COLUMN($H$1),0) -> glaucia.pontes | H127: =VLOOKUP(Tabela1[[#This Row],[Participante]],Usuários!$A:$I,COLUMN($I$1),0) -> 493gp!@ | I127: Não | J127: Não | K127: =Tabela1[[#This Row],[Email]] -> fernando.correa@enind.com.br | L127: A2 | M127: =IF(Tabela1[[#This Row],[Tipo_aval]]="auto","Ok",IF(ISERROR(VLOOKUP(Tabela1[[#This Row],[Participante]],Atualização!$B:$B,1,FALSE)),"Ok","Atualizar")) -> Atualizar | N127: =IF(OR(Tabela1[[#This Row],[Status]]="Ok",Tabela1[[#This Row],[Tipo_aval]]="auto"),Tabela1[[#This Row],[Avaliador]],IF(Tabela1[[#This Row],[Tipo_aval]]="Avaliador1",VLOOKUP(Tabela1[[#This Row],[Participante]],Atualização!$B:$J,COLUMN($F$1)-1,FALSE),VLOOKUP(Tabela1[[#This Row],[Participante]],Atualização!$B:$J,COLUMN($H$1)-1,FALSE))) -> Fernando Marques Correa | O127: =IF(IFERROR(VLOOKUP(Tabela1[[#This Row],[Novo_Avaliador]],Usuários!$A:$B,2,FALSE),"")="","",IFERROR(VLOOKUP(Tabela1[[#This Row],[Novo_Avaliador]],Usuários!$A:$B,2,FALSE),"")) -> fernando.correa@enind.com.br | P127: =IF(Tabela1[[#This Row],[Novo_Avaliador]]=Tabela1[[#This Row],[Avaliador]],"Sim","Não") -> Sim | Q127: =Tabela1[[#This Row],[email_repres]]=Tabela1[[#This Row],[e-mail novo avaliador]] -> TRUE
A128: Gabriela Caixeta Lima | B128: Gabriela Caixeta Lima | C128: gabriela.lima@enind.com.br | D128: auto | E128: =VLOOKUP(Tabela1[[#This Row],[Avaliador]],Usuários!A:I,COLUMN($H$1),0) -> gabriela.lima | F128: =VLOOKUP(Tabela1[[#This Row],[Avaliador]],Usuários!$A:$I,COLUMN($I$1),0) -> 958gl!@ | G128: =VLOOKUP(Tabela1[[#This Row],[Participante]],Usuários!$A:$I,COLUMN($H$1),0) -> gabriela.lima | H128: =VLOOKUP(Tabela1[[#This Row],[Participante]],Usuários!$A:$I,COLUMN($I$1),0) -> 958gl!@ | I128: Sim | J128: Não | K128: gabriela.lima@enind.com.br | L128: A2 | M128: =IF(Tabela1[[#This Row],[Tipo_aval]]="auto","Ok",IF(ISERROR(VLOOKUP(Tabela1[[#This Row],[Participante]],Atualização!$B:$B,1,FALSE)),"Ok","Atualizar")) -> Ok | N128: =IF(OR(Tabela1[[#This Row],[Status]]="Ok",Tabela1[[#This Row],[Tipo_aval]]="auto"),Tabela1[[#This Row],[Avaliador]],IF(Tabela1[[#This Row],[Tipo_aval]]="Avaliador1",VLOOKUP(Tabela1[[#This Row],[Participante]],Atualização!$B:$J,COLUMN($F$1)-1,FALSE),VLOOKUP(Tabela1[[#This Row],[Participante]],Atualização!$B:$J,COLUMN($H$1)-1,FALSE))) -> Gabriela Caixeta Lima | O128: =IF(IFERROR(VLOOKUP(Tabela1[[#This Row],[Novo_Avaliador]],Usuários!$A:$B,2,FALSE),"")="","",IFERROR(VLOOKUP(Tabela1[[#This Row],[Novo_Avaliador]],Usuários!$A:$B,2,FALSE),"")) -> gabriela.lima@enind.com.br | P128: =IF(Tabela1[[#This Row],[Novo_Avaliador]]=Tabela1[[#This Row],[Avaliador]],"Sim","Não") -> Sim | Q128: =Tabela1[[#This Row],[email_repres]]=Tabela1[[#This Row],[e-mail novo avaliador]] -> TRUE
A129: Amanda Silva Costa Oliveira | B129: Gabriela Caixeta Lima | C129: gabriela.lima@enind.com.br | D129: avaliador1 | E129: =VLOOKUP(Tabela1[[#This Row],[Avaliador]],Usuários!A:I,COLUMN($H$1),0) -> gabriela.lima | F129: =VLOOKUP(Tabela1[[#This Row],[Avaliador]],Usuários!$A:$I,COLUMN($I$1),0) -> 958gl!@ | G129: =VLOOKUP(Tabela1[[#This Row],[Participante]],Usuários!$A:$I,COLUMN($H$1),0) -> amanda.oliveira | H129: =VLOOKUP(Tabela1[[#This Row],[Participante]],Usuários!$A:$I,COLUMN($I$1),0) -> 894ao!@ | I129: Não | J129: Não | K129: gabriela.lima@enind.com.br | L129: A2 | M129: =IF(Tabela1[[#This Row],[Tipo_aval]]="auto","Ok",IF(ISERROR(VLOOKUP(Tabela1[[#This Row],[Participante]],Atualização!$B:$B,1,FALSE)),"Ok","Atualizar")) -> Ok | N129: =IF(OR(Tabela1[[#This Row],[Status]]="Ok",Tabela1[[#This Row],[Tipo_aval]]="auto"),Tabela1[[#This Row],[Avaliador]],IF(Tabela1[[#This Row],[Tipo_aval]]="Avaliador1",VLOOKUP(Tabela1[[#This Row],[Participante]],Atualização!$B:$J,COLUMN($F$1)-1,FALSE),VLOOKUP(Tabela1[[#This Row],[Participante]],Atualização!$B:$J,COLUMN($H$1)-1,FALSE))) -> Gabriela Caixeta Lima | O129: =IF(IFERROR(VLOOKUP(Tabela1[[#This Row],[Novo_Avaliador]],Usuários!$A:$B,2,FALSE),"")="","",IFERROR(VLOOKUP(Tabela1[[#This Row],[Novo_Avaliador]],Usuários!$A:$B,2,FALSE),"")) -> gabriela.lima@enind.com.br | P129: =IF(Tabela1[[#This Row],[Novo_Avaliador]]=Tabela1[[#This Row],[Avaliador]],"Sim","Não") -> Sim | Q129: =Tabela1[[#This Row],[email_repres]]=Tabela1[[#This Row],[e-mail novo avaliador]] -> TRUE
A130: Rebeca Oliveira Porto | B130: Gabriela Caixeta Lima | C130: gabriela.lima@enind.com.br | D130: avaliador1 | E130: =VLOOKUP(Tabela1[[#This Row],[Avaliador]],Usuários!A:I,COLUMN($H$1),0) -> gabriela.lima | F130: =VLOOKUP(Tabela1[[#This Row],[Avaliador]],Usuários!$A:$I,COLUMN($I$1),0) -> 958gl!@ | G130: =VLOOKUP(Tabela1[[#This Row],[Participante]],Usuários!$A:$I,COLUMN($H$1),0) -> rebeca.porto | H130: =VLOOKUP(Tabela1[[#This Row],[Participante]],Usuários!$A:$I,COLUMN($I$1),0) -> 166rp!@ | I130: Não | J130: Não | K130: gabriela.lima@enind.com.br | L130: A2 | M130: =IF(Tabela1[[#This Row],[Tipo_aval]]="auto","Ok",IF(ISERROR(VLOOKUP(Tabela1[[#This Row],[Participante]],Atualização!$B:$B,1,FALSE)),"Ok","Atualizar")) -> Ok | N130: =IF(OR(Tabela1[[#This Row],[Status]]="Ok",Tabela1[[#This Row],[Tipo_aval]]="auto"),Tabela1[[#This Row],[Avaliador]],IF(Tabela1[[#This Row],[Tipo_aval]]="Avaliador1",VLOOKUP(Tabela1[[#This Row],[Participante]],Atualização!$B:$J,COLUMN($F$1)-1,FALSE),VLOOKUP(Tabela1[[#This Row],[Participante]],Atualização!$B:$J,COLUMN($H$1)-1,FALSE))) -> Gabriela Caixeta Lima | O130: =IF(IFERROR(VLOOKUP(Tabela1[[#This Row],[Novo_Avaliador]],Usuários!$A:$B,2,FALSE),"")="","",IFERROR(VLOOKUP(Tabela1[[#This Row],[Novo_Avaliador]],Usuários!$A:$B,2,FALSE),"")) -> gabriela.lima@enind.com.br | P130: =IF(Tabela1[[#This Row],[Novo_Avaliador]]=Tabela1[[#This Row],[Avaliador]],"Sim","Não") -> Sim | Q130: =Tabela1[[#This Row],[email_repres]]=Tabela1[[#This Row],[e-mail novo avaliador]] -> TRUE
A131: Natalia Gomes Dos Santos | B131: Gabriela Caixeta Lima | C131: gabriela.lima@enind.com.br | D131: avaliador1 | E131: =VLOOKUP(Tabela1[[#This Row],[Avaliador]],Usuários!A:I,COLUMN($H$1),0) -> gabriela.lima | F131: =VLOOKUP(Tabela1[[#This Row],[Avaliador]],Usuários!$A:$I,COLUMN($I$1),0) -> 958gl!@ | G131: =VLOOKUP(Tabela1[[#This Row],[Participante]],Usuários!$A:$I,COLUMN($H$1),0) -> natalia.santos | H131: =VLOOKUP(Tabela1[[#This Row],[Participante]],Usuários!$A:$I,COLUMN($I$1),0) -> 592ns!@ | I131: Não | J131: Não | K131: =Tabela1[[#This Row],[Email]] -> gabriela.lima@enind.com.br | L131: A2 | M131: =IF(Tabela1[[#This Row],[Tipo_aval]]="auto","Ok",IF(ISERROR(VLOOKUP(Tabela1[[#This Row],[Participante]],Atualização!$B:$B,1,FALSE)),"Ok","Atualizar")) -> Atualizar | N131: =IF(OR(Tabela1[[#This Row],[Status]]="Ok",Tabela1[[#This Row],[Tipo_aval]]="auto"),Tabela1[[#This Row],[Avaliador]],IF(Tabela1[[#This Row],[Tipo_aval]]="Avaliador1",VLOOKUP(Tabela1[[#This Row],[Participante]],Atualização!$B:$J,COLUMN($F$1)-1,FALSE),VLOOKUP(Tabela1[[#This Row],[Participante]],Atualização!$B:$J,COLUMN($H$1)-1,FALSE))) -> Gabriela Caixeta Lima | O131: =IF(IFERROR(VLOOKUP(Tabela1[[#This Row],[Novo_Avaliador]],Usuários!$A:$B,2,FALSE),"")="","",IFERROR(VLOOKUP(Tabela1[[#This Row],[Novo_Avaliador]],Usuários!$A:$B,2,FALSE),"")) -> gabriela.lima@enind.com.br | P131: =IF(Tabela1[[#This Row],[Novo_Avaliador]]=Tabela1[[#This Row],[Avaliador]],"Sim","Não") -> Sim | Q131: =Tabela1[[#This Row],[email_repres]]=Tabela1[[#This Row],[e-mail novo avaliador]] -> TRUE
A132: Glaucia Delgado Pontes | B132: Glaucia Delgado Pontes | C132: glaucia.pontes@enind.com.br | D132: auto | E132: =VLOOKUP(Tabela1[[#This Row],[Avaliador]],Usuários!A:I,COLUMN($H$1),0) -> glaucia.pontes | F132: =VLOOKUP(Tabela1[[#This Row],[Avaliador]],Usuários!$A:$I,COLUMN($I$1),0) -> 493gp!@ | G132: =VLOOKUP(Tabela1[[#This Row],[Participante]],Usuários!$A:$I,COLUMN($H$1),0) -> glaucia.pontes | H132: =VLOOKUP(Tabela1[[#This Row],[Participante]],Usuários!$A:$I,COLUMN($I$1),0) -> 493gp!@ | I132: Sim | J132: Não | K132: glaucia.pontes@enind.com.br | L132: A2 | M132: =IF(Tabela1[[#This Row],[Tipo_aval]]="auto","Ok",IF(ISERROR(VLOOKUP(Tabela1[[#This Row],[Participante]],Atualização!$B:$B,1,FALSE)),"Ok","Atualizar")) -> Ok | N132: =IF(OR(Tabela1[[#This Row],[Status]]="Ok",Tabela1[[#This Row],[Tipo_aval]]="auto"),Tabela1[[#This Row],[Avaliador]],IF(Tabela1[[#This Row],[Tipo_aval]]="Avaliador1",VLOOKUP(Tabela1[[#This Row],[Participante]],Atualização!$B:$J,COLUMN($F$1)-1,FALSE),VLOOKUP(Tabela1[[#This Row],[Participante]],Atualização!$B:$J,COLUMN($H$1)-1,FALSE))) -> Glaucia Delgado Pontes | O132: =IF(IFERROR(VLOOKUP(Tabela1[[#This Row],[Novo_Avaliador]],Usuários!$A:$B,2,FALSE),"")="","",IFERROR(VLOOKUP(Tabela1[[#This Row],[Novo_Avaliador]],Usuários!$A:$B,2,FALSE),"")) -> glaucia.pontes@enind.com.br | P132: =IF(Tabela1[[#This Row],[Novo_Avaliador]]=Tabela1[[#This Row],[Avaliador]],"Sim","Não") -> Sim | Q132: =Tabela1[[#This Row],[email_repres]]=Tabela1[[#This Row],[e-mail novo avaliador]] -> TRUE
A133: Guilherme Luis Eberhardt | B133: Guilherme Luis Eberhardt | C133: guilherme.luis@enind.com.br | D133: auto | E133: =VLOOKUP(Tabela1[[#This Row],[Avaliador]],Usuários!A:I,COLUMN($H$1),0) -> guilherme.luis | F133: =VLOOKUP(Tabela1[[#This Row],[Avaliador]],Usuários!$A:$I,COLUMN($I$1),0) -> 038gl!@ | G133: =VLOOKUP(Tabela1[[#This Row],[Participante]],Usuários!$A:$I,COLUMN($H$1),0) -> guilherme.luis | H133: =VLOOKUP(Tabela1[[#This Row],[Participante]],Usuários!$A:$I,COLUMN($I$1),0) -> 038gl!@ | I133: Sim | J133: Não | K133: guilherme.luis@enind.com.br | L133: A1 | M133: =IF(Tabela1[[#This Row],[Tipo_aval]]="auto","Ok",IF(ISERROR(VLOOKUP(Tabela1[[#This Row],[Participante]],Atualização!$B:$B,1,FALSE)),"Ok","Atualizar")) -> Ok | N133: =IF(OR(Tabela1[[#This Row],[Status]]="Ok",Tabela1[[#This Row],[Tipo_aval]]="auto"),Tabela1[[#This Row],[Avaliador]],IF(Tabela1[[#This Row],[Tipo_aval]]="Avaliador1",VLOOKUP(Tabela1[[#This Row],[Participante]],Atualização!$B:$J,COLUMN($F$1)-1,FALSE),VLOOKUP(Tabela1[[#This Row],[Participante]],Atualização!$B:$J,COLUMN($H$1)-1,FALSE))) -> Guilherme Luis Eberhardt | O133: =IF(IFERROR(VLOOKUP(Tabela1[[#This Row],[Novo_Avaliador]],Usuários!$A:$B,2,FALSE),"")="","",IFERROR(VLOOKUP(Tabela1[[#This Row],[Novo_Avaliador]],Usuários!$A:$B,2,FALSE),"")) -> guilherme.luis@enind.com.br | P133: =IF(Tabela1[[#This Row],[Novo_Avaliador]]=Tabela1[[#This Row],[Avaliador]],"Sim","Não") -> Sim | Q133: =Tabela1[[#This Row],[email_repres]]=Tabela1[[#This Row],[e-mail novo avaliador]] -> TRUE
A134: Ellian Fernando Leite Maciel Nunes | B134: Guilherme Luis Eberhardt | C134: guilherme.luis@enind.com.br | D134: avaliador1 | E134: =VLOOKUP(Tabela1[[#This Row],[Avaliador]],Usuários!A:I,COLUMN($H$1),0) -> guilherme.luis | F134: =VLOOKUP(Tabela1[[#This Row],[Avaliador]],Usuários!$A:$I,COLUMN($I$1),0) -> 038gl!@ | G134: =VLOOKUP(Tabela1[[#This Row],[Participante]],Usuários!$A:$I,COLUMN($H$1),0) -> ellian.nunes | H134: =VLOOKUP(Tabela1[[#This Row],[Participante]],Usuários!$A:$I,COLUMN($I$1),0) -> 574en!@ | I134: Não | J134: Não | K134: =Tabela1[[#This Row],[Email]] -> guilherme.luis@enind.com.br | L134: A1 | M134: =IF(Tabela1[[#This Row],[Tipo_aval]]="auto","Ok",IF(ISERROR(VLOOKUP(Tabela1[[#This Row],[Participante]],Atualização!$B:$B,1,FALSE)),"Ok","Atualizar")) -> Atualizar | N134: =IF(OR(Tabela1[[#This Row],[Status]]="Ok",Tabela1[[#This Row],[Tipo_aval]]="auto"),Tabela1[[#This Row],[Avaliador]],IF(Tabela1[[#This Row],[Tipo_aval]]="Avaliador1",VLOOKUP(Tabela1[[#This Row],[Participante]],Atualização!$B:$J,COLUMN($F$1)-1,FALSE),VLOOKUP(Tabela1[[#This Row],[Participante]],Atualização!$B:$J,COLUMN($H$1)-1,FALSE))) -> Guilherme Luis Eberhardt | O134: =IF(IFERROR(VLOOKUP(Tabela1[[#This Row],[Novo_Avaliador]],Usuários!$A:$B,2,FALSE),"")="","",IFERROR(VLOOKUP(Tabela1[[#This Row],[Novo_Avaliador]],Usuários!$A:$B,2,FALSE),"")) -> guilherme.luis@enind.com.br | P134: =IF(Tabela1[[#This Row],[Novo_Avaliador]]=Tabela1[[#This Row],[Avaliador]],"Sim","Não") -> Sim | Q134: =Tabela1[[#This Row],[email_repres]]=Tabela1[[#This Row],[e-mail novo avaliador]] -> TRUE
A135: Murilo Cezari Guidi | B135: Guilherme Luis Eberhardt | C135: guilherme.luis@enind.com.br | D135: avaliador1 | E135: =VLOOKUP(Tabela1[[#This Row],[Avaliador]],Usuários!A:I,COLUMN($H$1),0) -> guilherme.luis | F135: =VLOOKUP(Tabela1[[#This Row],[Avaliador]],Usuários!$A:$I,COLUMN($I$1),0) -> 038gl!@ | G135: =VLOOKUP(Tabela1[[#This Row],[Participante]],Usuários!$A:$I,COLUMN($H$1),0) -> murilo.guidi | H135: =VLOOKUP(Tabela1[[#This Row],[Participante]],Usuários!$A:$I,COLUMN($I$1),0) -> 617mg!@ | I135: Não | J135: Não | K135: guilherme.luis@enind.com.br | L135: A2 | M135: =IF(Tabela1[[#This Row],[Tipo_aval]]="auto","Ok",IF(ISERROR(VLOOKUP(Tabela1[[#This Row],[Participante]],Atualização!$B:$B,1,FALSE)),"Ok","Atualizar")) -> Ok | N135: =IF(OR(Tabela1[[#This Row],[Status]]="Ok",Tabela1[[#This Row],[Tipo_aval]]="auto"),Tabela1[[#This Row],[Avaliador]],IF(Tabela1[[#This Row],[Tipo_aval]]="Avaliador1",VLOOKUP(Tabela1[[#This Row],[Participante]],Atualização!$B:$J,COLUMN($F$1)-1,FALSE),VLOOKUP(Tabela1[[#This Row],[Participante]],Atualização!$B:$J,COLUMN($H$1)-1,FALSE))) -> Guilherme Luis Eberhardt | O135: =IF(IFERROR(VLOOKUP(Tabela1[[#This Row],[Novo_Avaliador]],Usuários!$A:$B,2,FALSE),"")="","",IFERROR(VLOOKUP(Tabela1[[#This Row],[Novo_Avaliador]],Usuários!$A:$B,2,FALSE),"")) -> guilherme.luis@enind.com.br | P135: =IF(Tabela1[[#This Row],[Novo_Avaliador]]=Tabela1[[#This Row],[Avaliador]],"Sim","Não") -> Sim | Q135: =Tabela1[[#This Row],[email_repres]]=Tabela1[[#This Row],[e-mail novo avaliador]] -> TRUE
A136: Antonio Marcos da Cruz Sousa | B136: Guilherme Luis Eberhardt | C136: guilherme.luis@enind.com.br | D136: avaliador2 | E136: =VLOOKUP(Tabela1[[#This Row],[Avaliador]],Usuários!A:I,COLUMN($H$1),0) -> guilherme.luis | F136: =VLOOKUP(Tabela1[[#This Row],[Avaliador]],Usuários!$A:$I,COLUMN($I$1),0) -> 038gl!@ | G136: =VLOOKUP(Tabela1[[#This Row],[Participante]],Usuários!$A:$I,COLUMN($H$1),0) -> antonio.sousa | H136: =VLOOKUP(Tabela1[[#This Row],[Participante]],Usuários!$A:$I,COLUMN($I$1),0) -> 721as!@ | I136: Não | J136: Não | K136: guilherme.luis@enind.com.br | L136: A3 | M136: =IF(Tabela1[[#This Row],[Tipo_aval]]="auto","Ok",IF(ISERROR(VLOOKUP(Tabela1[[#This Row],[Participante]],Atualização!$B:$B,1,FALSE)),"Ok","Atualizar")) -> Ok | N136: =IF(OR(Tabela1[[#This Row],[Status]]="Ok",Tabela1[[#This Row],[Tipo_aval]]="auto"),Tabela1[[#This Row],[Avaliador]],IF(Tabela1[[#This Row],[Tipo_aval]]="Avaliador1",VLOOKUP(Tabela1[[#This Row],[Participante]],Atualização!$B:$J,COLUMN($F$1)-1,FALSE),VLOOKUP(Tabela1[[#This Row],[Participante]],Atualização!$B:$J,COLUMN($H$1)-1,FALSE))) -> Guilherme Luis Eberhardt | O136: =IF(IFERROR(VLOOKUP(Tabela1[[#This Row],[Novo_Avaliador]],Usuários!$A:$B,2,FALSE),"")="","",IFERROR(VLOOKUP(Tabela1[[#This Row],[Novo_Avaliador]],Usuários!$A:$B,2,FALSE),"")) -> guilherme.luis@enind.com.br | P136: =IF(Tabela1[[#This Row],[Novo_Avaliador]]=Tabela1[[#This Row],[Avaliador]],"Sim","Não") -> Sim | Q136: =Tabela1[[#This Row],[email_repres]]=Tabela1[[#This Row],[e-mail novo avaliador]] -> TRUE
A137: Guilherme Sala Silva | B137: Guilherme Sala Silva | C137: guilherme.silva@enind.com.br | D137: auto | E137: =VLOOKUP(Tabela1[[#This Row],[Avaliador]],Usuários!A:I,COLUMN($H$1),0) -> guilherme.silva | F137: =VLOOKUP(Tabela1[[#This Row],[Avaliador]],Usuários!$A:$I,COLUMN($I$1),0) -> 942gs!@ | G137: =VLOOKUP(Tabela1[[#This Row],[Participante]],Usuários!$A:$I,COLUMN($H$1),0) -> guilherme.silva | H137: =VLOOKUP(Tabela1[[#This Row],[Participante]],Usuários!$A:$I,COLUMN($I$1),0) -> 942gs!@ | I137: Sim | J137: Não | K137: guilherme.silva@enind.com.br | L137: A2 | M137: =IF(Tabela1[[#This Row],[Tipo_aval]]="auto","Ok",IF(ISERROR(VLOOKUP(Tabela1[[#This Row],[Participante]],Atualização!$B:$B,1,FALSE)),"Ok","Atualizar")) -> Ok | N137: =IF(OR(Tabela1[[#This Row],[Status]]="Ok",Tabela1[[#This Row],[Tipo_aval]]="auto"),Tabela1[[#This Row],[Avaliador]],IF(Tabela1[[#This Row],[Tipo_aval]]="Avaliador1",VLOOKUP(Tabela1[[#This Row],[Participante]],Atualização!$B:$J,COLUMN($F$1)-1,FALSE),VLOOKUP(Tabela1[[#This Row],[Participante]],Atualização!$B:$J,COLUMN($H$1)-1,FALSE))) -> Guilherme Sala Silva | O137: =IF(IFERROR(VLOOKUP(Tabela1[[#This Row],[Novo_Avaliador]],Usuários!$A:$B,2,FALSE),"")="","",IFERROR(VLOOKUP(Tabela1[[#This Row],[Novo_Avaliador]],Usuários!$A:$B,2,FALSE),"")) -> guilherme.silva@enind.com.br | P137: =IF(Tabela1[[#This Row],[Novo_Avaliador]]=Tabela1[[#This Row],[Avaliador]],"Sim","Não") -> Sim | Q137: =Tabela1[[#This Row],[email_repres]]=Tabela1[[#This Row],[e-mail novo avaliador]] -> TRUE
A138: Ieza Amaral | B138: Guilherme Sala Silva | C138: guilherme.silva@enind.com.br | D138: avaliador1 | E138: =VLOOKUP(Tabela1[[#This Row],[Avaliador]],Usuários!A:I,COLUMN($H$1),0) -> guilherme.silva | F138: =VLOOKUP(Tabela1[[#This Row],[Avaliador]],Usuários!$A:$I,COLUMN($I$1),0) -> 942gs!@ | G138: =VLOOKUP(Tabela1[[#This Row],[Participante]],Usuários!$A:$I,COLUMN($H$1),0) -> ieza.amaral | H138: =VLOOKUP(Tabela1[[#This Row],[Participante]],Usuários!$A:$I,COLUMN($I$1),0) -> 057ia!@ | I138: Não | J138: Não | K138: guilherme.silva@enind.com.br | L138: A2 | M138: =IF(Tabela1[[#This Row],[Tipo_aval]]="auto","Ok",IF(ISERROR(VLOOKUP(Tabela1[[#This Row],[Participante]],Atualização!$B:$B,1,FALSE)),"Ok","Atualizar")) -> Ok | N138: =IF(OR(Tabela1[[#This Row],[Status]]="Ok",Tabela1[[#This Row],[Tipo_aval]]="auto"),Tabela1[[#This Row],[Avaliador]],IF(Tabela1[[#This Row],[Tipo_aval]]="Avaliador1",VLOOKUP(Tabela1[[#This Row],[Participante]],Atualização!$B:$J,COLUMN($F$1)-1,FALSE),VLOOKUP(Tabela1[[#This Row],[Participante]],Atualização!$B:$J,COLUMN($H$1)-1,FALSE))) -> Guilherme Sala Silva | O138: =IF(IFERROR(VLOOKUP(Tabela1[[#This Row],[Novo_Avaliador]],Usuários!$A:$B,2,FALSE),"")="","",IFERROR(VLOOKUP(Tabela1[[#This Row],[Novo_Avaliador]],Usuários!$A:$B,2,FALSE),"")) -> guilherme.silva@enind.com.br | P138: =IF(Tabela1[[#This Row],[Novo_Avaliador]]=Tabela1[[#This Row],[Avaliador]],"Sim","Não") -> Sim | Q138: =Tabela1[[#This Row],[email_repres]]=Tabela1[[#This Row],[e-mail novo avaliador]] -> TRUE
A139: Marcelo da Silva Santos | B139: Guilherme Sala Silva | C139: guilherme.silva@enind.com.br | D139: avaliador1 | E139: =VLOOKUP(Tabela1[[#This Row],[Avaliador]],Usuários!A:I,COLUMN($H$1),0) -> guilherme.silva | F139: =VLOOKUP(Tabela1[[#This Row],[Avaliador]],Usuários!$A:$I,COLUMN($I$1),0) -> 942gs!@ | G139: =VLOOKUP(Tabela1[[#This Row],[Participante]],Usuários!$A:$I,COLUMN($H$1),0) -> marcelo.santos | H139: =VLOOKUP(Tabela1[[#This Row],[Participante]],Usuários!$A:$I,COLUMN($I$1),0) -> 020ms!@ | I139: Não | J139: Não | K139: guilherme.silva@enind.com.br | L139: A2 | M139: =IF(Tabela1[[#This Row],[Tipo_aval]]="auto","Ok",IF(ISERROR(VLOOKUP(Tabela1[[#This Row],[Participante]],Atualização!$B:$B,1,FALSE)),"Ok","Atualizar")) -> Ok | N139: =IF(OR(Tabela1[[#This Row],[Status]]="Ok",Tabela1[[#This Row],[Tipo_aval]]="auto"),Tabela1[[#This Row],[Avaliador]],IF(Tabela1[[#This Row],[Tipo_aval]]="Avaliador1",VLOOKUP(Tabela1[[#This Row],[Participante]],Atualização!$B:$J,COLUMN($F$1)-1,FALSE),VLOOKUP(Tabela1[[#This Row],[Participante]],Atualização!$B:$J,COLUMN($H$1)-1,FALSE))) -> Guilherme Sala Silva | O139: =IF(IFERROR(VLOOKUP(Tabela1[[#This Row],[Novo_Avaliador]],Usuários!$A:$B,2,FALSE),"")="","",IFERROR(VLOOKUP(Tabela1[[#This Row],[Novo_Avaliador]],Usuários!$A:$B,2,FALSE),"")) -> guilherme.silva@enind.com.br | P139: =IF(Tabela1[[#This Row],[Novo_Avaliador]]=Tabela1[[#This Row],[Avaliador]],"Sim","Não") -> Sim | Q139: =Tabela1[[#This Row],[email_repres]]=Tabela1[[#This Row],[e-mail novo avaliador]] -> TRUE
A140: Hillary Karen de Araujo | B140: Hillary Karen de Araujo | C140: hillary.araujo@enind.com.br | D140: auto | E140: =VLOOKUP(Tabela1[[#This Row],[Avaliador]],Usuários!A:I,COLUMN($H$1),0) -> hillary.karen | F140: =VLOOKUP(Tabela1[[#This Row],[Avaliador]],Usuários!$A:$I,COLUMN($I$1),0) -> 841hk!@ | G140: =VLOOKUP(Tabela1[[#This Row],[Participante]],Usuários!$A:$I,COLUMN($H$1),0) -> hillary.karen | H140: =VLOOKUP(Tabela1[[#This Row],[Participante]],Usuários!$A:$I,COLUMN($I$1),0) -> 841hk!@ | I140: Sim | J140: Não | K140: hillary.karen@enind.com.br | L140: A1 | M140: =IF(Tabela1[[#This Row],[Tipo_aval]]="auto","Ok",IF(ISERROR(VLOOKUP(Tabela1[[#This Row],[Participante]],Atualização!$B:$B,1,FALSE)),"Ok","Atualizar")) -> Ok | N140: =IF(OR(Tabela1[[#This Row],[Status]]="Ok",Tabela1[[#This Row],[Tipo_aval]]="auto"),Tabela1[[#This Row],[Avaliador]],IF(Tabela1[[#This Row],[Tipo_aval]]="Avaliador1",VLOOKUP(Tabela1[[#This Row],[Participante]],Atualização!$B:$J,COLUMN($F$1)-1,FALSE),VLOOKUP(Tabela1[[#This Row],[Participante]],Atualização!$B:$J,COLUMN($H$1)-1,FALSE))) -> Hillary Karen de Araujo | O140: =IF(IFERROR(VLOOKUP(Tabela1[[#This Row],[Novo_Avaliador]],Usuários!$A:$B,2,FALSE),"")="","",IFERROR(VLOOKUP(Tabela1[[#This Row],[Novo_Avaliador]],Usuários!$A:$B,2,FALSE),"")) -> hillary.karen@enind.com.br | P140: =IF(Tabela1[[#This Row],[Novo_Avaliador]]=Tabela1[[#This Row],[Avaliador]],"Sim","Não") -> Sim | Q140: =Tabela1[[#This Row],[email_repres]]=Tabela1[[#This Row],[e-mail novo avaliador]] -> TRUE
A141: Hilton Helton Dias Torres | B141: Hilton Helton Dias Torres | C141: hilton.torres@enind.com.br | D141: auto | E141: =VLOOKUP(Tabela1[[#This Row],[Avaliador]],Usuários!A:I,COLUMN($H$1),0) -> hilton.torres | F141: =VLOOKUP(Tabela1[[#This Row],[Avaliador]],Usuários!$A:$I,COLUMN($I$1),0) -> 867ht!@ | G141: =VLOOKUP(Tabela1[[#This Row],[Participante]],Usuários!$A:$I,COLUMN($H$1),0) -> hilton.torres | H141: =VLOOKUP(Tabela1[[#This Row],[Participante]],Usuários!$A:$I,COLUMN($I$1),0) -> 867ht!@ | I141: Sim | J141: Não | K141: hilton.torres@enind.com.br | L141: A1 | M141: =IF(Tabela1[[#This Row],[Tipo_aval]]="auto","Ok",IF(ISERROR(VLOOKUP(Tabela1[[#This Row],[Participante]],Atualização!$B:$B,1,FALSE)),"Ok","Atualizar")) -> Ok | N141: =IF(OR(Tabela1[[#This Row],[Status]]="Ok",Tabela1[[#This Row],[Tipo_aval]]="auto"),Tabela1[[#This Row],[Avaliador]],IF(Tabela1[[#This Row],[Tipo_aval]]="Avaliador1",VLOOKUP(Tabela1[[#This Row],[Participante]],Atualização!$B:$J,COLUMN($F$1)-1,FALSE),VLOOKUP(Tabela1[[#This Row],[Participante]],Atualização!$B:$J,COLUMN($H$1)-1,FALSE))) -> Hilton Helton Dias Torres | O141: =IF(IFERROR(VLOOKUP(Tabela1[[#This Row],[Novo_Avaliador]],Usuários!$A:$B,2,FALSE),"")="","",IFERROR(VLOOKUP(Tabela1[[#This Row],[Novo_Avaliador]],Usuários!$A:$B,2,FALSE),"")) -> hilton.torres@enind.com.br | P141: =IF(Tabela1[[#This Row],[Novo_Avaliador]]=Tabela1[[#This Row],[Avaliador]],"Sim","Não") -> Sim | Q141: =Tabela1[[#This Row],[email_repres]]=Tabela1[[#This Row],[e-mail novo avaliador]] -> TRUE
A142: Marcos Batista | B142: Marcos Batista | C142: marcos.batista@enind.com.br | D142: auto | E142: =VLOOKUP(Tabela1[[#This Row],[Avaliador]],Usuários!A:I,COLUMN($H$1),0) -> marcos.batista | F142: =VLOOKUP(Tabela1[[#This Row],[Avaliador]],Usuários!$A:$I,COLUMN($I$1),0) -> 395mb!@ | G142: =VLOOKUP(Tabela1[[#This Row],[Participante]],Usuários!$A:$I,COLUMN($H$1),0) -> marcos.batista | H142: =VLOOKUP(Tabela1[[#This Row],[Participante]],Usuários!$A:$I,COLUMN($I$1),0) -> 395mb!@ | I142: Não | J142: Sim | K142: hilton.torres@enind.com.br | L142: A2 | M142: =IF(Tabela1[[#This Row],[Tipo_aval]]="auto","Ok",IF(ISERROR(VLOOKUP(Tabela1[[#This Row],[Participante]],Atualização!$B:$B,1,FALSE)),"Ok","Atualizar")) -> Ok | N142: =IF(OR(Tabela1[[#This Row],[Status]]="Ok",Tabela1[[#This Row],[Tipo_aval]]="auto"),Tabela1[[#This Row],[Avaliador]],IF(Tabela1[[#This Row],[Tipo_aval]]="Avaliador1",VLOOKUP(Tabela1[[#This Row],[Participante]],Atualização!$B:$J,COLUMN($F$1)-1,FALSE),VLOOKUP(Tabela1[[#This Row],[Participante]],Atualização!$B:$J,COLUMN($H$1)-1,FALSE))) -> Marcos Batista | O142: =IF(IFERROR(VLOOKUP(Tabela1[[#This Row],[Novo_Avaliador]],Usuários!$A:$B,2,FALSE),"")="","",IFERROR(VLOOKUP(Tabela1[[#This Row],[Novo_Avaliador]],Usuários!$A:$B,2,FALSE),"")) | P142: =IF(Tabela1[[#This Row],[Novo_Avaliador]]=Tabela1[[#This Row],[Avaliador]],"Sim","Não") -> Sim | Q142: =Tabela1[[#This Row],[email_repres]]=Tabela1[[#This Row],[e-mail novo avaliador]] -> FALSE
A143: Abel dos Santos Cavalcanti | B143: Hilton Helton Dias Torres | C143: hilton.torres@enind.com.br | D143: avaliador1 | E143: =VLOOKUP(Tabela1[[#This Row],[Avaliador]],Usuários!A:I,COLUMN($H$1),0) -> hilton.torres | F143: =VLOOKUP(Tabela1[[#This Row],[Avaliador]],Usuários!$A:$I,COLUMN($I$1),0) -> 867ht!@ | G143: =VLOOKUP(Tabela1[[#This Row],[Participante]],Usuários!$A:$I,COLUMN($H$1),0) -> abel.cavalcanti | H143: =VLOOKUP(Tabela1[[#This Row],[Participante]],Usuários!$A:$I,COLUMN($I$1),0) -> 102ac!@ | I143: Sim | J143: Não | K143: hilton.torres@enind.com.br | L143: A2 | M143: =IF(Tabela1[[#This Row],[Tipo_aval]]="auto","Ok",IF(ISERROR(VLOOKUP(Tabela1[[#This Row],[Participante]],Atualização!$B:$B,1,FALSE)),"Ok","Atualizar")) -> Ok | N143: =IF(OR(Tabela1[[#This Row],[Status]]="Ok",Tabela1[[#This Row],[Tipo_aval]]="auto"),Tabela1[[#This Row],[Avaliador]],IF(Tabela1[[#This Row],[Tipo_aval]]="Avaliador1",VLOOKUP(Tabela1[[#This Row],[Participante]],Atualização!$B:$J,COLUMN($F$1)-1,FALSE),VLOOKUP(Tabela1[[#This Row],[Participante]],Atualização!$B:$J,COLUMN($H$1)-1,FALSE))) -> Hilton Helton Dias Torres | O143: =IF(IFERROR(VLOOKUP(Tabela1[[#This Row],[Novo_Avaliador]],Usuários!$A:$B,2,FALSE),"")="","",IFERROR(VLOOKUP(Tabela1[[#This Row],[Novo_Avaliador]],Usuários!$A:$B,2,FALSE),"")) -> hilton.torres@enind.com.br | P143: =IF(Tabela1[[#This Row],[Novo_Avaliador]]=Tabela1[[#This Row],[Avaliador]],"Sim","Não") -> Sim | Q143: =Tabela1[[#This Row],[email_repres]]=Tabela1[[#This Row],[e-mail novo avaliador]] -> TRUE
A144: Adelmo Alves de Sousa | B144: Marcos Batista | C144: marcos.batista@enind.com.br | D144: avaliador1 | E144: =VLOOKUP(Tabela1[[#This Row],[Avaliador]],Usuários!A:I,COLUMN($H$1),0) -> marcos.batista | F144: =VLOOKUP(Tabela1[[#This Row],[Avaliador]],Usuários!$A:$I,COLUMN($I$1),0) -> 395mb!@ | G144: =VLOOKUP(Tabela1[[#This Row],[Participante]],Usuários!$A:$I,COLUMN($H$1),0) -> adelmo.sousa | H144: =VLOOKUP(Tabela1[[#This Row],[Participante]],Usuários!$A:$I,COLUMN($I$1),0) -> 752as!@ | I144: Não | J144: Não | K144: hilton.torres@enind.com.br | L144: A3 | M144: =IF(Tabela1[[#This Row],[Tipo_aval]]="auto","Ok",IF(ISERROR(VLOOKUP(Tabela1[[#This Row],[Participante]],Atualização!$B:$B,1,FALSE)),"Ok","Atualizar")) -> Ok | N144: =IF(OR(Tabela1[[#This Row],[Status]]="Ok",Tabela1[[#This Row],[Tipo_aval]]="auto"),Tabela1[[#This Row],[Avaliador]],IF(Tabela1[[#This Row],[Tipo_aval]]="Avaliador1",VLOOKUP(Tabela1[[#This Row],[Participante]],Atualização!$B:$J,COLUMN($F$1)-1,FALSE),VLOOKUP(Tabela1[[#This Row],[Participante]],Atualização!$B:$J,COLUMN($H$1)-1,FALSE))) -> Marcos Batista | O144: =IF(IFERROR(VLOOKUP(Tabela1[[#This Row],[Novo_Avaliador]],Usuários!$A:$B,2,FALSE),"")="","",IFERROR(VLOOKUP(Tabela1[[#This Row],[Novo_Avaliador]],Usuários!$A:$B,2,FALSE),"")) | P144: =IF(Tabela1[[#This Row],[Novo_Avaliador]]=Tabela1[[#This Row],[Avaliador]],"Sim","Não") -> Sim | Q144: =Tabela1[[#This Row],[email_repres]]=Tabela1[[#This Row],[e-mail novo avaliador]] -> FALSE
A145: Antonio Fabio da Cunha Povoas | B145: Hilton Helton Dias Torres | C145: hilton.torres@enind.com.br | D145: avaliador1 | E145: =VLOOKUP(Tabela1[[#This Row],[Avaliador]],Usuários!A:I,COLUMN($H$1),0) -> hilton.torres | F145: =VLOOKUP(Tabela1[[#This Row],[Avaliador]],Usuários!$A:$I,COLUMN($I$1),0) -> 867ht!@ | G145: =VLOOKUP(Tabela1[[#This Row],[Participante]],Usuários!$A:$I,COLUMN($H$1),0) -> antonio.povoas | H145: =VLOOKUP(Tabela1[[#This Row],[Participante]],Usuários!$A:$I,COLUMN($I$1),0) -> 893ap!@ | I145: Sim | J145: Não | K145: hilton.torres@enind.com.br | L145: A2 | M145: =IF(Tabela1[[#This Row],[Tipo_aval]]="auto","Ok",IF(ISERROR(VLOOKUP(Tabela1[[#This Row],[Participante]],Atualização!$B:$B,1,FALSE)),"Ok","Atualizar")) -> Ok | N145: =IF(OR(Tabela1[[#This Row],[Status]]="Ok",Tabela1[[#This Row],[Tipo_aval]]="auto"),Tabela1[[#This Row],[Avaliador]],IF(Tabela1[[#This Row],[Tipo_aval]]="Avaliador1",VLOOKUP(Tabela1[[#This Row],[Participante]],Atualização!$B:$J,COLUMN($F$1)-1,FALSE),VLOOKUP(Tabela1[[#This Row],[Participante]],Atualização!$B:$J,COLUMN($H$1)-1,FALSE))) -> Hilton Helton Dias Torres | O145: =IF(IFERROR(VLOOKUP(Tabela1[[#This Row],[Novo_Avaliador]],Usuários!$A:$B,2,FALSE),"")="","",IFERROR(VLOOKUP(Tabela1[[#This Row],[Novo_Avaliador]],Usuários!$A:$B,2,FALSE),"")) -> hilton.torres@enind.com.br | P145: =IF(Tabela1[[#This Row],[Novo_Avaliador]]=Tabela1[[#This Row],[Avaliador]],"Sim","Não") -> Sim | Q145: =Tabela1[[#This Row],[email_repres]]=Tabela1[[#This Row],[e-mail novo avaliador]] -> TRUE
A146: Arnaldo da Silva Teixeira | B146: Fabio de Oliveira Serejo | D146: avaliador1 | E146: =VLOOKUP(Tabela1[[#This Row],[Avaliador]],Usuários!A:I,COLUMN($H$1),0) -> fabio.serejo | F146: =VLOOKUP(Tabela1[[#This Row],[Avaliador]],Usuários!$A:$I,COLUMN($I$1),0) -> 784fs!@ | G146: =VLOOKUP(Tabela1[[#This Row],[Participante]],Usuários!$A:$I,COLUMN($H$1),0) -> arnaldo.teixeira | H146: =VLOOKUP(Tabela1[[#This Row],[Participante]],Usuários!$A:$I,COLUMN($I$1),0) -> 745at!@ | I146: Não | J146: Sim | K146: hilton.torres@enind.com.br | L146: A3 | M146: =IF(Tabela1[[#This Row],[Tipo_aval]]="auto","Ok",IF(ISERROR(VLOOKUP(Tabela1[[#This Row],[Participante]],Atualização!$B:$B,1,FALSE)),"Ok","Atualizar")) -> Ok | N146: =IF(OR(Tabela1[[#This Row],[Status]]="Ok",Tabela1[[#This Row],[Tipo_aval]]="auto"),Tabela1[[#This Row],[Avaliador]],IF(Tabela1[[#This Row],[Tipo_aval]]="Avaliador1",VLOOKUP(Tabela1[[#This Row],[Participante]],Atualização!$B:$J,COLUMN($F$1)-1,FALSE),VLOOKUP(Tabela1[[#This Row],[Participante]],Atualização!$B:$J,COLUMN($H$1)-1,FALSE))) -> Fabio de Oliveira Serejo | O146: =IF(IFERROR(VLOOKUP(Tabela1[[#This Row],[Novo_Avaliador]],Usuários!$A:$B,2,FALSE),"")="","",IFERROR(VLOOKUP(Tabela1[[#This Row],[Novo_Avaliador]],Usuários!$A:$B,2,FALSE),"")) | P146: =IF(Tabela1[[#This Row],[Novo_Avaliador]]=Tabela1[[#This Row],[Avaliador]],"Sim","Não") -> Sim | Q146: =Tabela1[[#This Row],[email_repres]]=Tabela1[[#This Row],[e-mail novo avaliador]] -> FALSE
A147: Devani Guedes de Carvalho Dantas | B147: Hilton Helton Dias Torres | C147: hilton.torres@enind.com.br | D147: avaliador1 | E147: =VLOOKUP(Tabela1[[#This Row],[Avaliador]],Usuários!A:I,COLUMN($H$1),0) -> hilton.torres | F147: =VLOOKUP(Tabela1[[#This Row],[Avaliador]],Usuários!$A:$I,COLUMN($I$1),0) -> 867ht!@ | G147: =VLOOKUP(Tabela1[[#This Row],[Participante]],Usuários!$A:$I,COLUMN($H$1),0) -> devani.dantas | H147: =VLOOKUP(Tabela1[[#This Row],[Participante]],Usuários!$A:$I,COLUMN($I$1),0) -> 180dd!@ | I147: Sim | J147: Não | K147: hilton.torres@enind.com.br | L147: A2 | M147: =IF(Tabela1[[#This Row],[Tipo_aval]]="auto","Ok",IF(ISERROR(VLOOKUP(Tabela1[[#This Row],[Participante]],Atualização!$B:$B,1,FALSE)),"Ok","Atualizar")) -> Ok | N147: =IF(OR(Tabela1[[#This Row],[Status]]="Ok",Tabela1[[#This Row],[Tipo_aval]]="auto"),Tabela1[[#This Row],[Avaliador]],IF(Tabela1[[#This Row],[Tipo_aval]]="Avaliador1",VLOOKUP(Tabela1[[#This Row],[Participante]],Atualização!$B:$J,COLUMN($F$1)-1,FALSE),VLOOKUP(Tabela1[[#This Row],[Participante]],Atualização!$B:$J,COLUMN($H$1)-1,FALSE))) -> Hilton Helton Dias Torres | O147: =IF(IFERROR(VLOOKUP(Tabela1[[#This Row],[Novo_Avaliador]],Usuários!$A:$B,2,FALSE),"")="","",IFERROR(VLOOKUP(Tabela1[[#This Row],[Novo_Avaliador]],Usuários!$A:$B,2,FALSE),"")) -> hilton.torres@enind.com.br | P147: =IF(Tabela1[[#This Row],[Novo_Avaliador]]=Tabela1[[#This Row],[Avaliador]],"Sim","Não") -> Sim | Q147: =Tabela1[[#This Row],[email_repres]]=Tabela1[[#This Row],[e-mail novo avaliador]] -> TRUE
A148: Devanir Pereira Magalhaes | B148: Hilton Helton Dias Torres | C148: hilton.torres@enind.com.br | D148: avaliador1 | E148: =VLOOKUP(Tabela1[[#This Row],[Avaliador]],Usuários!A:I,COLUMN($H$1),0) -> hilton.torres | F148: =VLOOKUP(Tabela1[[#This Row],[Avaliador]],Usuários!$A:$I,COLUMN($I$1),0) -> 867ht!@ | G148: =VLOOKUP(Tabela1[[#This Row],[Participante]],Usuários!$A:$I,COLUMN($H$1),0) -> devanir.magalhaes | H148: =VLOOKUP(Tabela1[[#This Row],[Participante]],Usuários!$A:$I,COLUMN($I$1),0) -> 639dm!@ | I148: Sim | J148: Não | K148: hilton.torres@enind.com.br | L148: A3 | M148: =IF(Tabela1[[#This Row],[Tipo_aval]]="auto","Ok",IF(ISERROR(VLOOKUP(Tabela1[[#This Row],[Participante]],Atualização!$B:$B,1,FALSE)),"Ok","Atualizar")) -> Ok | N148: =IF(OR(Tabela1[[#This Row],[Status]]="Ok",Tabela1[[#This Row],[Tipo_aval]]="auto"),Tabela1[[#This Row],[Avaliador]],IF(Tabela1[[#This Row],[Tipo_aval]]="Avaliador1",VLOOKUP(Tabela1[[#This Row],[Participante]],Atualização!$B:$J,COLUMN($F$1)-1,FALSE),VLOOKUP(Tabela1[[#This Row],[Participante]],Atualização!$B:$J,COLUMN($H$1)-1,FALSE))) -> Hilton Helton Dias Torres | O148: =IF(IFERROR(VLOOKUP(Tabela1[[#This Row],[Novo_Avaliador]],Usuários!$A:$B,2,FALSE),"")="","",IFERROR(VLOOKUP(Tabela1[[#This Row],[Novo_Avaliador]],Usuários!$A:$B,2,FALSE),"")) -> hilton.torres@enind.com.br | P148: =IF(Tabela1[[#This Row],[Novo_Avaliador]]=Tabela1[[#This Row],[Avaliador]],"Sim","Não") -> Sim | Q148: =Tabela1[[#This Row],[email_repres]]=Tabela1[[#This Row],[e-mail novo avaliador]] -> TRUE
...

Sheet Atualização
A1: ID | B1: Participante | C1: Avaliador1 | D1: Avaliador2 | E1: Tipo_av | F1: Novo_Av1 | G1: Validação_Av1 | H1: Novo_Av2 | I1: Validação_Av2 | J1: Status | K1: SQL Para atualizar
A2: 4 | B2: Alessandra Maria Tambellini | C2: Fernando Marques Correa | D2: Rodrigo Santana Moralez | E2: A2 | F2: Rodrigo Santana Moralez | G2: FALSE | H2: Fernando Marques Correa | I2: FALSE | J2: Alterar | K2: ="UPDATE QuestRH_Relacoes Set Avaliador1 = '" & F2 & "', Avaliador2 = '" & H2 & "' where ID = " & A2 & ";" -> UPDATE QuestRH_Relacoes Set Avaliador1 = 'Rodrigo Santana Moralez', Avaliador2 = 'Fernando Marques Correa' where ID = 4;
A3: 18 | B3: Dayvis Jones Coelho | C3: Wilson Tassinari Fernandes | D3: Welton Leandro Saldanha Martins | E3: A1 | F3: Wilson Tassinari Fernandes | G3: TRUE | H3: Weslley Chaves da Costa | I3: FALSE | J3: Alterar | K3: ="UPDATE QuestRH_Relacoes Set Avaliador1 = '" & F3 & "', Avaliador2 = '" & H3 & "' where ID = " & A3 & ";" -> UPDATE QuestRH_Relacoes Set Avaliador1 = 'Wilson Tassinari Fernandes', Avaliador2 = 'Weslley Chaves da Costa' where ID = 18;
A4: 20 | B4: Deijanes Ferreira Costa | C4: Dionisio Carneiro de Oliveira Junior | D4: Dayvson Faber Alcantara Silva | E4: A3 | F4: Dayvson Faber Alcantara Silva | G4: FALSE | H4: Weslley Chaves da Costa | I4: FALSE | J4: Alterar | K4: ="UPDATE QuestRH_Relacoes Set Avaliador1 = '" & F4 & "', Avaliador2 = '" & H4 & "' where ID = " & A4 & ";" -> UPDATE QuestRH_Relacoes Set Avaliador1 = 'Dayvson Faber Alcantara Silva', Avaliador2 = 'Weslley Chaves da Costa' where ID = 20;
A5: 23 | B5: Diego Freitas Araujo | C5: Wilson Tassinari Fernandes | D5: Weslley Chaves da Costa | E5: A1 | F5: Hilton Helton Dias Torres | G5: FALSE | H5: Wilson Tassinari Fernandes | I5: FALSE | J5: Alterar | K5: ="UPDATE QuestRH_Relacoes Set Avaliador1 = '" & F5 & "', Avaliador2 = '" & H5 & "' where ID = " & A5 & ";" -> UPDATE QuestRH_Relacoes Set Avaliador1 = 'Hilton Helton Dias Torres', Avaliador2 = 'Wilson Tassinari Fernandes' where ID = 23;
A6: 25 | B6: Ediberto Ronei Pescaroli | C6: Wagner Souza Ferreira | D6: Thiago Santana de Oliveira | E6: A2 | F6: Thiago Santana de Oliveira | G6: FALSE | H6: Wagner Souza Ferreira | I6: FALSE | J6: Alterar | K6: ="UPDATE QuestRH_Relacoes Set Avaliador1 = '" & F6 & "', Avaliador2 = '" & H6 & "' where ID = " & A6 & ";" -> UPDATE QuestRH_Relacoes Set Avaliador1 = 'Thiago Santana de Oliveira', Avaliador2 = 'Wagner Souza Ferreira' where ID = 25;
A7: 28 | B7: Eliza Crisley Lima Moreira | C7: Wilson Tassinari Fernandes | D7: Welton Leandro Saldanha Martins | E7: A1 | F7: Welton Leandro Saldanha Martins | G7: FALSE | H7: Wilson Tassinari Fernandes | I7: FALSE | J7: Alterar | K7: ="UPDATE QuestRH_Relacoes Set Avaliador1 = '" & F7 & "', Avaliador2 = '" & H7 & "' where ID = " & A7 & ";" -> UPDATE QuestRH_Relacoes Set Avaliador1 = 'Welton Leandro Saldanha Martins', Avaliador2 = 'Wilson Tassinari Fernandes' where ID = 28;
A8: 29 | B8: Ellian Fernando Leite Maciel Nunes | C8: Guilherme Luis Eberhardt | D8: Weslley Chaves da Costa | E8: A1 | F8: Guilherme Luis Eberhardt | G8: TRUE | H8: Wilson Tassinari Fernandes | I8: FALSE | J8: Alterar | K8: ="UPDATE QuestRH_Relacoes Set Avaliador1 = '" & F8 & "', Avaliador2 = '" & H8 & "' where ID = " & A8 & ";" -> UPDATE QuestRH_Relacoes Set Avaliador1 = 'Guilherme Luis Eberhardt', Avaliador2 = 'Wilson Tassinari Fernandes' where ID = 29;
A9: 43 | B9: Glaucia Delgado Pontes | C9: Fernando Marques Correa | D9: Rodrigo Santana Moralez | E9: A2 | F9: Rodrigo Santana Moralez | G9: FALSE | H9: Fernando Marques Correa | I9: FALSE | J9: Alterar | K9: ="UPDATE QuestRH_Relacoes Set Avaliador1 = '" & F9 & "', Avaliador2 = '" & H9 & "' where ID = " & A9 & ";" -> UPDATE QuestRH_Relacoes Set Avaliador1 = 'Rodrigo Santana Moralez', Avaliador2 = 'Fernando Marques Correa' where ID = 43;
A10: 45 | B10: Guilherme Luis Eberhardt | C10: Evandro Luis Idalgo de Oliveira | D10: Wiringhton Cristal Araujo | E10: A1 | F10: Wiringhton Cristal Araujo | G10: FALSE | H10: Evandro Luis Idalgo de Oliveira | I10: FALSE | J10: Alterar | K10: ="UPDATE QuestRH_Relacoes Set Avaliador1 = '" & F10 & "', Avaliador2 = '" & H10 & "' where ID = " & A10 & ";" -> UPDATE QuestRH_Relacoes Set Avaliador1 = 'Wiringhton Cristal Araujo', Avaliador2 = 'Evandro Luis Idalgo de Oliveira' where ID = 45;
A11: 66 | B11: Juliana Matos Santos | C11: Dayvson Faber Alcantara Silva | D11: Weslley Chaves da Costa | E11: A2 | F11: Antonio Aloisio Ferreira do Santos Filho | G11: FALSE | H11: Dayvson Faber Alcantara Silva | I11: FALSE | J11: Alterar | K11: ="UPDATE QuestRH_Relacoes Set Avaliador1 = '" & F11 & "', Avaliador2 = '" & H11 & "' where ID = " & A11 & ";" -> UPDATE QuestRH_Relacoes Set Avaliador1 = 'Antonio Aloisio Ferreira do Santos Filho', Avaliador2 = 'Dayvson Faber Alcantara Silva' where ID = 66;
A12: 69 | B12: Lucas Ramos de Almeida Pasquantonio | C12: Welton Leandro Saldanha Martins | D12: Wilson Tassinari Fernandes | E12: A1 | F12: Weslley Chaves da Costa | G12: FALSE | H12: Welton Leandro Saldanha Martins | I12: FALSE | J12: Alterar | K12: ="UPDATE QuestRH_Relacoes Set Avaliador1 = '" & F12 & "', Avaliador2 = '" & H12 & "' where ID = " & A12 & ";" -> UPDATE QuestRH_Relacoes Set Avaliador1 = 'Weslley Chaves da Costa', Avaliador2 = 'Welton Leandro Saldanha Martins' where ID = 69;
A13: 76 | B13: Marcos Roberto Nunes de Sousa | C13: Luciano Aparecido Bastos | D13: Wilson Tassinari Fernandes | E13: A2 | F13: Luciano Aparecido Bastos | G13: TRUE | H13: Welton Leandro Saldanha Martins | I13: FALSE | J13: Alterar | K13: ="UPDATE QuestRH_Relacoes Set Avaliador1 = '" & F13 & "', Avaliador2 = '" & H13 & "' where ID = " & A13 & ";" -> UPDATE QuestRH_Relacoes Set Avaliador1 = 'Luciano Aparecido Bastos', Avaliador2 = 'Welton Leandro Saldanha Martins' where ID = 76;
... A21: 139 | B21: Natalia Gomes Dos Santos | C21: Joaquim Pinto de Souza | D21: Pierre da Silva Marinho | E21: A2 | F21: Gabriela Caixeta Lima | G21: FALSE | H21: Joaquim Pinto de Souza | I21: FALSE | J21: Alterar | K21: ="UPDATE QuestRH_Relacoes Set Avaliador1 = '" & F21 & "', Avaliador2 = '" & H21 & "' where ID = " & A21 & ";" -> UPDATE QuestRH_Relacoes Set Avaliador1 = 'Gabriela Caixeta Lima', Avaliador2 = 'Joaquim Pinto de Souza' where ID = 139;
A22: 115 | B22: Antonio Aloisio Ferreira do Santos Filho | C22: Maria Thais Moreira Alves | D22: Wiringhton Cristal Araujo | E22: A1 | F22: Maria Thais Moreira Alves | G22: =C22=F22 -> TRUE | H22: Weslley Chaves da Costa | I22: =B22=F22 -> FALSE | J22: Alterar | K22: ="UPDATE QuestRH_Relacoes Set Avaliador1 = '" & F22 & "', Avaliador2 = '" & H22 & "' where ID = " & A22 & ";" -> UPDATE QuestRH_Relacoes Set Avaliador1 = 'Maria Thais Moreira Alves', Avaliador2 = 'Weslley Chaves da Costa' where ID = 115;
A23: 70 | B23: Luciano Aparecido Bastos | C23: Wiringhton Cristal Araujo | D23: Welton Leandro Saldanha Martins | E23: A1 | F23: Welton Leandro Saldanha Martins | G23: =C23=F23 -> FALSE | H23: Wilson Tassinari Fernandes | I23: =B23=F23 -> FALSE | J23: Alterar | K23: ="UPDATE QuestRH_Relacoes Set Avaliador1 = '" & F23 & "', Avaliador2 = '" & H23 & "' where ID = " & A23 & ";" -> UPDATE QuestRH_Relacoes Set Avaliador1 = 'Welton Leandro Saldanha Martins', Avaliador2 = 'Wilson Tassinari Fernandes' where ID = 70;
A24: 98 | B24: Thiago Santana de Oliveira | C24: Evandro Luis Idalgo de Oliveira | D24: Wiringhton Cristal Araujo | E24: A1 | F24: Evandro Luis Idalgo de Oliveira | G24: =C24=F24 -> TRUE | H24: Pierre da Silva Marinho | I24: =B24=F24 -> FALSE | J24: Alterar | K24: ="UPDATE QuestRH_Relacoes Set Avaliador1 = '" & F24 & "', Avaliador2 = '" & H24 & "' where ID = " & A24 & ";" -> UPDATE QuestRH_Relacoes Set Avaliador1 = 'Evandro Luis Idalgo de Oliveira', Avaliador2 = 'Pierre da Silva Marinho' where ID = 98;

Sheet Planilha3
A1: Wilson Tassinari Fernandes | B1: wilson.fernandes@enind.com.br | C1: 101004 | D1: Socio - Gerente Operacional | E1: Sede | H1: wilson.fernandes | I1: 571wf!@
A2: Weslley Chaves da Costa | B2: weslley.costa@enind.com.br | C2: 101004 | D2: Socio - Gerente Operacional | E2: Sede | H2: weslley.costa | I2: 370wc!@
A3: Weshiley Andrade Miranda da Silva | B3: weshiley.a.silva@enind.com.br | C3: 102003 | D3: Associado | E3: Sede | H3: weshiley.silva | I3: 799ws!@
A4: Welton Leandro Saldanha Martins | B4: welton.martins@enind.com.br | C4: 101004 | D4: Socio - Gerente Operacional | E4: Sede | H4: welton.martins | I4: 965wm!@
A5: Wagner Souza Ferreira | B5: wagner.ferreira@enind.com.br | C5: 103014 | D5: Supervisor De Manutencao | E5: Obra | H5: wagner.ferreira | I5: 260wf!@
A6: Wiringhton Cristal Araujo | B6: w.cristal@enind.com.br | C6: 101011 | D6: Socio - Gerente Operacional | E6: Sede | H6: w.cristal | I6: 996wc!@
A7: Vinicius Silva Xisto | B7: vinicius.xisto@enind.com.br | C7: 103015 | D7: Coordenador I - Logistica | E7: Sede | H7: vinicius.xisto | I7: 790vx!@
A8: Valeria Carvalho Souza | B8: valeria.souza@enind.com.br | C8: 101001 | D8: Associado | E8: Sede | H8: valeria.souza | I8: 110vs!@
A9: Ubiara Athaide dos Santos Batista | B9: ubiara.batista@enind.com.br | C9: 50000996 | D9: Coordenador II - Obras | E9: Obra | H9: ubiara.batista | I9: 868ub!@
A10: Thiago Santana de Oliveira | B10: thiago.oliveira@enind.com.br | C10: 103014 | D10: Socio - Gerente Operacional | E10: Sede | H10: thiago.oliveira | I10: 891to!@
A11: Thelma Christina de Oliveira Alves | B11: thelma.alves@enind.com.br | C11: 101001 | D11: Analista de Folha de Pagamento II | E11: Sede | H11: thelma.alves | I11: 371ta!@
A12: Maria Thais Moreira Alves | B12: thais.alves@enind.com.br | C12: 101004 | D12: Associado | E12: Sede | H12: thais.alves | I12: 751ta!@
... A23: Marcos Vinicius Mendes da Silva | B23: marcos.silva@enind.com.br | C23: 101004 | D23: Comprador II | E23: Sede | H23: marcos.silva | I23: 647ms!@
A24: Marcos Batista | C24: 50000996 | D24: Encarregado de Eletrica IV | E24: Obra | H24: marcos.batista | I24: 395mb!@
A25: Marcelo Apolinario Fernandes da Silva | B25: marcelo.silva@enind.com.br | C25: 103009 | D25: Associado | E25: Sede | H25: marcelo.silva | I25: 584ms!@
A26: Lucio dos Santos Farias | B26: lucio.farias@enind.com.br | C26: 101004 | D26: Analista Tecnico III | E26: Sede | H26: lucio.farias | I26: 462lf!@
A27: Luciano Aparecido Bastos | B27: luciano.bastos@enind.com.br | C27: 50000103 | D27: Coordenador I - Logistica | E27: Depósito | H27: luciano.bastos | I27: 428lb!@
A28: Lucas Ramos de Almeida Pasquantonio | B28: lucas.almeida@enind.com.br | C28: 103009 | D28: Associado | E28: Sede | H28: lucas.almeida | I28: 339la!@
A29: Luana Eugenio da Silva | B29: luana.silva@enind.com.br | C29: 50000993 | D29: Encarregado Administrativo II | E29: Obra | H29: luana.silva | I29: 292ls!@
A30: Juliana Matos Santos | B30: juliana.santos@enind.com.br | C30: 50000993 | D30: Coordenador I - Segurança do Trabalho | E30: Obra | H30: juliana.santos | I30: 780js!@
A31: Juliana Fogagnolo Melo Loiola | B31: juliana.melo@enind.com.br | C31: 103002 | D31: Analista Contabil II | E31: Sede | H31: juliana.melo | I31: 759jm!@
A32: Jose Roberto Fernandes Alves | B32: jose.alves@enind.com.br | C32: 50000981 | D32: Supervisor de Obras II | E32: Obra | H32: jose.alves | I32: 882ja!@
A33: Joaquim Pinto de Souza | B33: joaquim.souza@enind.com.br | C33: 103002 | D33: Associado | E33: Sede | H33: joaquim.souza | I33: 005js!@
A34: João Fernandes | B34: joão.fernandes@enind.com.br | C34: 50000121 | D34: Gerente Operacional | E34: Obra | H34: joão.fernandes | I34: 629jf!@
A35: Jean Carlos da Rocha | B35: jean.rocha@enind.com.br | C35: 50000955 | D35: Gerente de Obras III | E35: Obra | H35: jean.rocha | I35: 909jr!@
A36: Janderson Cunha Alves | B36: janderson.alves@enindservicos.com.br | C36: 50000118 | D36: Tecnico de O&M II | E36: Obra | H36: janderson.alves | I36: 834ja!@
... A63: Adenilson Lopes de Castro | B63: adenilson.castro@enind.com.br | C63: 50000990 | D63: Supervisor de Obras II | E63: Obra | H63: adenilson.castro | I63: 049ac!@
A64: Adelmo Alves de Sousa | C64: 50000996 | D64: Eletricista Especialista I | E64: Obra | F64: 257.894.493-87 | G64: 24262 | H64: adelmo.sousa | I64: 752as!@
A65: Anderson Domingues da Silva | B65: anderson.domingues@enind.com.br | C65: 102003 | D65: Associado | E65: Sede | H65: anderson.domingues | I65: 010ad!@
A66: Antonio Benedito Filho | C66: 50000955 | D66: Eletricista Especialista I | E66: Obra | F66: 240.432.815-87 | G66: 22588 | H66: antonio.filho | I66: 897af!@
A67: Antonio Fabio da Cunha Povoas | C67: 50000996 | D67: Encarregado Civil III | E67: Obra | F67: 257.453.953-20 | G67: 23142 | H67: antonio.povoas | I67: 893ap!@
A68: Antonio Felix de Lima | C68: 50000990 | D68: Encarregado de Eletrica I | E68: Obra | F68: 043.593.464-33 | G68: 29823 | H68: antonio.lima | I68: 034al!@
A69: Antonio Marcos da Cruz Sousa | C69: 50001003 | D69: Montador Especialista I | E69: Obra | F69: 030.920.154-36 | G69: 28654 | H69: antonio.sousa | I69: 721as!@
A70: Arnaldo da Silva Teixeira | C70: 50000996 | D70: Montador Especialista I | E70: Obra | F70: 028.818.173-51 | G70: 31010 | H70: arnaldo.teixeira | I70: 745at!@
A71: Cicero Luis De Melo | C71: 50000955 | D71: Eletricista Especialista I | E71: Obra | F71: 086.792.344-00 | G71: 32418 | H71: cicero.melo | I71: 003cm!@
A72: Damiao Amancio de Souza | C72: 50000974 | D72: Mecanico Montador Especialista II | E72: Obra | F72: 024.937.014-02 | G72: 28409 | H72: damiao.souza | I72: 505ds!@
A73: David Ewerton Lourenco dos Santos Silva | C73: 50000955 | D73: Encarregado Civil I | E73: Obra | F73: 081.892.364-40 | G73: 31948 | H73: david.silva | I73: 652ds!@
A74: Deijanes Ferreira Costa | C74: 50000993 | D74: Eletricista Especialista I | E74: Obra | F74: 927.589.243-15 | G74: 29938 | H74: deijanes.costa | I74: 530dc!@
A75: Devani Guedes de Carvalho Dantas | C75: 50000996 | D75: Encarregado Civil I | E75: Obra | F75: 311.184.348-38 | G75: 29604 | H75: devani.dantas | I75: 180dd!@
A76: Devanir Pereira Magalhaes | C76: 50000996 | D76: Motorista Munck Especialista I | E76: Obra | F76: 929.071.647-91 | G76: 24629 | H76: devanir.magalhaes | I76: 639dm!@
A77: Elias Cesario Gomes | C77: 50000974 | D77: Encarregado de Eletrica II | E77: Obra | F77: 269.618.428-36 | G77: 28408 | H77: elias.gomes | I77: 752eg!@
A78: Esmael da Silva Ribeiro | C78: 50000974 | D78: Encarregado de Montagem I | E78: Obra | F78: 027.051.282-98 | G78: 35185 | H78: esmael.ribeiro | I78: 882er!@
A79: Everaldo Matias Pontes | B79: everaldo.pontes@enind.com.br | C79: 103009 | D79: Associado | E79: Sede | H79: everaldo.pontes | I79: 974ep!@
A80: Fabiano Brenno de Sousa | B80: fabiano.sousa@enind.com.br | C80: 50000990 | D80: Tecnico de Seguranca do Trabalho III | E80: Obra | H80: fabiano.sousa | I80: 668fs!@
A81: Fabio de Oliveira Serejo | C81: 50000996 | D81: Encarregado de Montagem I | E81: Obra | F81: 868.622.003-72 | G81: 28720 | H81: fabio.serejo | I81: 784fs!@
A82: Fabio Donizete de Oliveira | C82: 50000974 | D82: Encarregado de Eletrica II | E82: Obra | F82: 786.661.396-68 | G82: 24900 | H82: fabio.oliveira | I82: 747fo!@
A83: Goncalo Manoel da Silva | C83: 50000996 | D83: Eletricista Especialista I | E83: Obra | F83: 443.282.736-04 | G83: 22986 | H83: goncalo.silva | I83: 712gs!@
A84: Guilherme Sala Silva | B84: guilherme.silva@enind.com.br | C84: 103003 | D84: Analista Juridico III | E84: Sede | H84: guilherme.silva | I84: 942gs!@
A85: Italo Cesar Andrade | B85: italo.andrade@enind.com.br | C85: 50000974 | D85: Tecnico de Seguranca do Trabalho III | E85: Obra | H85: italo.andrade | I85: 697ia!@
A86: Izaias da Silva Santos | C86: 50000990 | D86: Montador Especialista I | E86: Obra | F86: 005.796.995-79 | G86: 29528 | H86: izaias.santos | I86: 959is!@
A87: James Alembert Custodio | C87: 50000981 | D87: Encarregado Civil II | E87: Obra | F87: 030.364.474-58 | G87: 28415 | H87: james.custodio | I87: 519jc!@
A88: João Fernandes | B88: joao.fernandes@enind.com.br | C88: 103017 | D88: Associado | E88: Depósito | H88: joao.fernandes | I88: 629jf!@
A89: Joao Herlandio Da Silva | C89: 50000996 | D89: Encarregado de Montagem III | E89: Obra | F89: 043.054.914-86 | G89: 30508 | H89: joao.silva | I89: 878js!@
A90: Jose Cicero da Silva | C90: 50000990 | D90: Montador Especialista I | E90: Obra | F90: 069.265.104-74 | G90: 34648 | H90: jose.silva | I90: 153js!@
A91: Jose Cicero Paulo da Silva | C91: 103017 | D91: Montador Especialista I | E91: Depósito | F91: 147.508.028-08 | G91: 26709 | H91: jose.paulo | I91: 673jp!@
A92: Jose da Paz Bezarrias Silva | C92: 50000995 | D92: Encarregado de Eletrica III | E92: Obra | F92: 600.570.924-00 | G92: 25031 | H92: jose.paz | I92: 834jp!@
A93: Jose Luiz de Melo | C93: 50000990 | D93: Montador Especialista I | E93: Obra | F93: 041.268.354-74 | G93: 28945 | H93: jose.melo | I93: 455jm!@
A94: Jose Manoel da Silva | C94: 50000990 | D94: Montador Especialista I | E94: Obra | F94: 458.922.024-53 | G94: 23920 | H94: jose.manoel | I94: 226jm!@
A95: Josenildo Vieira de Souza | C95: 50000996 | D95: Encarregado Civil I | E95: Obra | F95: 053.166.804-56 | G95: 30700 | H95: josenildo.souza | I95: 250js!@
A96: Josiel de Oliveira Silva | C96: 50000955 | D96: Soldador Especialista I | E96: Obra | F96: 768.964.635-20 | G96: 28243 | H96: josiel.silva | I96: 162js!@
A97: Leonardo Barros Santos | C97: 50000990 | D97: Montador Especialista I | E97: Obra | F97: 705.382.624-43 | G97: 34955 | H97: leonardo.santos | I97: 708ls!@
A98: Marcilio da Silva | C98: 50000990 | D98: Encarregado Civil II | E98: Obra | F98: 857.795.935-07 | G98: 33636 | H98: marcilio.silva | I98: 187ms!@
A99: Marcos Roberto Nunes de Sousa | B99: marcos.nunes@enind.com.br | C99: 50000103 | D99: Analista de Logistica I | E99: Depósito | H99: marcos.nunes | I99: 632mn!@
A100: Maria Raimunda Ferreira de Sousa | B100: maria.sousa@enind.com.br | C100: 50000981 | D100: Tecnico de Seguranca do Trabalho II | E100: Obra | H100: maria.sousa | I100: 955ms!@
A101: Mauro Ferreira da Costa | C101: 50000996 | D101: Eletricista Especialista II | E101: Obra | F101: 005.921.647-64 | G101: 23103 | H101: mauro.costa | I101: 675mc!@
A102: Nazareno Luiz da Silva Neto | C102: 50000996 | D102: Encarregado Civil III | E102: Obra | F102: 082.721.754-44 | G102: 31909 | H102: nazareno.neto | I102: 202nn!@
A103: Paulo Ferreira Da Costa | C103: 50000981 | D103: Motorista Munck Especialista I | E103: Obra | F103: 426.128.294-15 | G103: 22464 | H103: paulo.costa | I103: 745pc!@
A104: Rauan Luiz da Silva | C104: 50000981 | D104: Encarregado Civil I | E104: Obra | F104: 704.689.554-61 | G104: 35598 | H104: rauan.silva | I104: 390rs!@
A105: Renan Vieira Cunha | B105: renan.cunha@enind.com.br | C105: 50000974 | D105: Tecnico de Seguranca do Trabalho III | E105: Obra | H105: renan.cunha | I105: 297rc!@
A106: Romilson Luiz da Silva | C106: 50000974 | D106: Encarregado Civil III | E106: Obra | F106: 119.894.284-36 | G106: 34123 | H106: romilson.silva | I106: 227rs!@
A107: Silvio Bezerra da Silva | C107: 50000955 | D107: Encarregado Civil III | E107: Obra | F107: 158.519.228-77 | G107: 26380 | H107: silvio.silva | I107: 743ss!@
A108: Silvio Gomes de Almeida | C108: 50000990 | D108: Operador de Maquinas Especialista I | E108: Obra | F108: 022.252.245-36 | G108: 31379 | H108: silvio.almeida | I108: 887sa!@
A109: Thiago de Moura Rodrigues | B109: thiago.rodrigues@enind.com.br | C109: 101010 | D109: Associado | E109: Sede | H109: thiago.rodrigues | I109: 722tr!@
A110: Vinicius Welber da Silva Eugenio | B110: vinicius.silva@enind.com.br | C110: 50000996 | D110: Tecnico de Seguranca do Trabalho II | E110: Obra | H110: vinicius.silva | I110: 410vs!@
A111: Wagner Aparecido Pedroso Candido | C111: 103017 | D111: Encarregado Civil II | E111: Depósito | F111: 296.970.868-00 | G111: 30218 | H111: wagner.candido | I111: 168wc!@
A112: Abel dos Santos Cavalcanti | C112: 50000996 | D112: Encarregado Civil II | E112: Obra | F112: 092.625.864-85 | G112: 32662 | H112: abel.cavalcanti | I112: 102ac!@
A113: Marcio Lima Salomao | C113: 50000990 | D113: Encarregado Civil I | E113: Obra | F113: 051.728.945-86 | G113: 34225 | H113: marcio.salomao | I113: 872ms!@
A114: Teste | D114: Analista Contabil II | E114: Sede | H114: teste.teste | I114: 925tt!@
A115: Larissa Schons | B115: larissa.schons@enind.com.br | C115: 103010 | D115: Coordenadora de DHO | E115: Sede | H115: larissa.schons | I115: 523ls!@
A116: Administrador | E116: Sede | H116: administrador | I116: RH*123
A117: Alexandre Armelin | B117: alexandre.armelin@enind.com.br | C117: 101004 | D117: Analista Tecnico I | E117: Sede | G117: 0000-00-00 | H117: alexandre.armelin | I117: 729aa!@
A118: Amanda Nunes Paixao | B118: amanda.paixao@enind.com.br | C118: 101003 | D118: Assistente Administrativo I | E118: Sede | G118: 0000-00-00 | H118: amanda.paixao | I118: 634ap!@
A119: Amanda Silva Costa Oliveira | B119: amanda.oliveira@enind.com.br | C119: 103002 | D119: Assistente Financeiro I | E119: Sede | G119: 0000-00-00 | H119: amanda.oliveira | I119: 894ao!@
A120: Andre dos Santos Eusebio | B120: andre.eusebio@enind.com.br | C120: 103009 | D120: Associado | E120: Sede | G120: 0000-00-00 | H120: andre.eusebio | I120: 179ae!@
A121: Andre Luiz do Nascimento | B121: andre.nascimento@enind.com.br | C121: 50000111 | D121: Operador de COS I | E121: Sede | G121: 0000-00-00 | H121: andre.nascimento | I121: 813an!@
A122: Antonio Aloisio Ferreira dos Santos Filho | B122: antonio.santos@enind.com.br | C122: 101006 | D122: Coordenador I - SSMA | E122: Sede | G122: 0000-00-00 | H122: antonio.santos | I122: 391as!@
A123: Antonio Luis Ribeiro de Almeida Junior | B123: antonio.almeida@enind.com.br | C123: 50000109 | D123: Assistente Financeiro I | E123: Sede | G123: 0000-00-00 | H123: antonio.almeida | I123: 517aa!@
A124: Augusto Cesar Nogueira Junqueira | B124: augusto.junqueira@enind.com.br | C124: 103011 | D124: Associado | E124: Sede | G124: 0000-00-00 | H124: augusto.junqueira | I124: 100aj!@
A125: Brendhel Almeida Silva | B125: brendhel.silva@enind.com.br | C125: 102002 | D125: Analista Tecnico III | E125: Sede | G125: 0000-00-00 | H125: brendhel.silva | I125: 338bs!@
A126: Bruno Pulino Lustosa | B126: bruno.lustosa@enind.com.br | C126: 103010 | D126: Associado | E126: Sede | G126: 0000-00-00 | H126: bruno.lustosa | I126: 182bl!@
A127: Cleiton Inacio Mathias | B127: cleiton.mathias@enind.com.br | C127: 103002 | D127: Analista Fiscal III | E127: Sede | G127: 0000-00-00 | H127: cleiton.mathias | I127: 001cm!@
A128: Daniel Casari Carlos | B128: daniel.casari@enind.com.br | C128: 103010 | D128: Associado | E128: Sede | G128: 0000-00-00 | H128: daniel.casari | I128: 379dc!@
... A154: Wagner Araujo Sequeira Barreiro | B154: wagner.barreiro@enind.com.br | C154: 103010 | D154: Analista Contabil II | E154: Sede | G154: 0000-00-00 | H154: wagner.barreiro | I154: 028wb!@

Sheet Usuários
A1: Nome | B1: Email | C1: C.Custo | D1: Cargo | E1: Local | F1: CPF | G1: Data Nasc | H1: Login | I1: Senha | J1: Nova_Senha | K1: Sql Atuliza_Senha | L1: 1º Envio | M1: Sql Atuliza_Email
A2: Wilson Tassinari Fernandes | B2: wilson.fernandes@enind.com.br | C2: 101004 | D2: Socio - Gerente Operacional | E2: Sede | H2: wilson.fernandes | I2: 571wf!@ | J2: =TEXT(RANDBETWEEN(1,999),"000") & LEFT(H2,1) & MID(H2,FIND(".",H2,1)+1,1) & "!@" -> 887wf!@ | K2: ="Update QuestRH_Pessoas set Senha = '" & I2 & "' Where Nome = '" & A2 & "';" -> Update QuestRH_Pessoas set Senha = '571wf!@' Where Nome = 'Wilson Tassinari Fernandes'; | L2: 571wf!@
A3: Weslley Chaves da Costa | B3: weslley.costa@enind.com.br | C3: 101004 | D3: Socio - Gerente Operacional | E3: Sede | H3: weslley.costa | I3: 370wc!@ | J3: =TEXT(RANDBETWEEN(1,999),"000") & LEFT(H3,1) & MID(H3,FIND(".",H3,1)+1,1) & "!@" -> 372wc!@ | K3: ="Update QuestRH_Pessoas set Senha = '" & I3 & "' Where Nome = '" & A3 & "';" -> Update QuestRH_Pessoas set Senha = '370wc!@' Where Nome = 'Weslley Chaves da Costa'; | L3: 370wc!@
A4: Weshiley Andrade Miranda da Silva | B4: weshiley.a.silva@enind.com.br | C4: 102003 | D4: Associado | E4: Sede | H4: weshiley.silva | I4: 799ws!@ | J4: =TEXT(RANDBETWEEN(1,999),"000") & LEFT(H4,1) & MID(H4,FIND(".",H4,1)+1,1) & "!@" -> 872ws!@ | K4: ="Update QuestRH_Pessoas set Senha = '" & I4 & "' Where Nome = '" & A4 & "';" -> Update QuestRH_Pessoas set Senha = '799ws!@' Where Nome = 'Weshiley Andrade Miranda da Silva'; | L4: 799ws!@
A5: Welton Leandro Saldanha Martins | B5: welton.martins@enind.com.br | C5: 101004 | D5: Socio - Gerente Operacional | E5: Sede | H5: welton.martins | I5: 965wm!@ | J5: =TEXT(RANDBETWEEN(1,999),"000") & LEFT(H5,1) & MID(H5,FIND(".",H5,1)+1,1) & "!@" -> 546wm!@ | K5: ="Update QuestRH_Pessoas set Senha = '" & I5 & "' Where Nome = '" & A5 & "';" -> Update QuestRH_Pessoas set Senha = '965wm!@' Where Nome = 'Welton Leandro Saldanha Martins'; | L5: 965wm!@
A6: Wagner Souza Ferreira | B6: wagner.ferreira@enind.com.br | C6: 103014 | D6: Supervisor De Manutencao | E6: Obra | H6: wagner.ferreira | I6: 260wf!@ | J6: =TEXT(RANDBETWEEN(1,999),"000") & LEFT(H6,1) & MID(H6,FIND(".",H6,1)+1,1) & "!@" -> 743wf!@ | K6: ="Update QuestRH_Pessoas set Senha = '" & I6 & "' Where Nome = '" & A6 & "';" -> Update QuestRH_Pessoas set Senha = '260wf!@' Where Nome = 'Wagner Souza Ferreira'; | L6: 260wf!@
A7: Wiringhton Cristal Araujo | B7: w.cristal@enind.com.br | C7: 101011 | D7: Socio - Gerente Operacional | E7: Sede | H7: w.cristal | I7: 996wc!@ | J7: =TEXT(RANDBETWEEN(1,999),"000") & LEFT(H7,1) & MID(H7,FIND(".",H7,1)+1,1) & "!@" -> 303wc!@ | K7: ="Update QuestRH_Pessoas set Senha = '" & I7 & "' Where Nome = '" & A7 & "';" -> Update QuestRH_Pessoas set Senha = '996wc!@' Where Nome = 'Wiringhton Cristal Araujo'; | L7: 996wc!@
A8: Vinicius Silva Xisto | B8: vinicius.xisto@enind.com.br | C8: 103015 | D8: Coordenador I - Logistica | E8: Sede | H8: vinicius.xisto | I8: 790vx!@ | J8: =TEXT(RANDBETWEEN(1,999),"000") & LEFT(H8,1) & MID(H8,FIND(".",H8,1)+1,1) & "!@" -> 536vx!@ | K8: ="Update QuestRH_Pessoas set Senha = '" & I8 & "' Where Nome = '" & A8 & "';" -> Update QuestRH_Pessoas set Senha = '790vx!@' Where Nome = 'Vinicius Silva Xisto'; | L8: 790vx!@
A9: Valeria Carvalho Souza | B9: valeria.souza@enind.com.br | C9: 101001 | D9: Associado | E9: Sede | H9: valeria.souza | I9: 110vs!@ | J9: =TEXT(RANDBETWEEN(1,999),"000") & LEFT(H9,1) & MID(H9,FIND(".",H9,1)+1,1) & "!@" -> 973vs!@ | K9: ="Update QuestRH_Pessoas set Senha = '" & I9 & "' Where Nome = '" & A9 & "';" -> Update QuestRH_Pessoas set Senha = '110vs!@' Where Nome = 'Valeria Carvalho Souza'; | L9: 110vs!@
A10: Ubiara Athaide dos Santos Batista | B10: ubiara.batista@enind.com.br | C10: 50000996 | D10: Coordenador II - Obras | E10: Obra | H10: ubiara.batista | I10: 868ub!@ | J10: =TEXT(RANDBETWEEN(1,999),"000") & LEFT(H10,1) & MID(H10,FIND(".",H10,1)+1,1) & "!@" -> 969ub!@ | K10: ="Update QuestRH_Pessoas set Senha = '" & I10 & "' Where Nome = '" & A10 & "';" -> Update QuestRH_Pessoas set Senha = '868ub!@' Where Nome = 'Ubiara Athaide dos Santos Batista'; | L10: 868ub!@
A11: Thiago Santana de Oliveira | B11: thiago.oliveira@enind.com.br | C11: 103014 | D11: Socio - Gerente Operacional | E11: Sede | H11: thiago.oliveira | I11: 891to!@ | J11: =TEXT(RANDBETWEEN(1,999),"000") & LEFT(H11,1) & MID(H11,FIND(".",H11,1)+1,1) & "!@" -> 760to!@ | K11: ="Update QuestRH_Pessoas set Senha = '" & I11 & "' Where Nome = '" & A11 & "';" -> Update QuestRH_Pessoas set Senha = '891to!@' Where Nome = 'Thiago Santana de Oliveira'; | L11: 891to!@
A12: Thelma Christina de Oliveira Alves | B12: thelma.alves@enind.com.br | C12: 101001 | D12: Analista de Folha de Pagamento II | E12: Sede | H12: thelma.alves | I12: 371ta!@ | J12: =TEXT(RANDBETWEEN(1,999),"000") & LEFT(H12,1) & MID(H12,FIND(".",H12,1)+1,1) & "!@" -> 532ta!@ | K12: ="Update QuestRH_Pessoas set Senha = '" & I12 & "' Where Nome = '" & A12 & "';" -> Update QuestRH_Pessoas set Senha = '371ta!@' Where Nome = 'Thelma Christina de Oliveira Alves'; | L12: 371ta!@
A13: Maria Thais Moreira Alves | B13: thais.alves@enind.com.br | C13: 101004 | D13: Associado | E13: Sede | H13: thais.alves | I13: 751ta!@ | J13: =TEXT(RANDBETWEEN(1,999),"000") & LEFT(H13,1) & MID(H13,FIND(".",H13,1)+1,1) & "!@" -> 140ta!@ | K13: ="Update QuestRH_Pessoas set Senha = '" & I13 & "' Where Nome = '" & A13 & "';" -> Update QuestRH_Pessoas set Senha = '751ta!@' Where Nome = 'Maria Thais Moreira Alves'; | L13: 751ta!@
... A24: Marcos Vinicius Mendes da Silva | B24: marcos.silva@enind.com.br | C24: 101004 | D24: Comprador II | E24: Sede | H24: marcos.silva | I24: 647ms!@ | J24: =TEXT(RANDBETWEEN(1,999),"000") & LEFT(H24,1) & MID(H24,FIND(".",H24,1)+1,1) & "!@" -> 923ms!@ | K24: ="Update QuestRH_Pessoas set Senha = '" & I24 & "' Where Nome = '" & A24 & "';" -> Update QuestRH_Pessoas set Senha = '647ms!@' Where Nome = 'Marcos Vinicius Mendes da Silva'; | L24: 647ms!@
A25: Marcos Batista | C25: 50000996 | D25: Encarregado de Eletrica IV | E25: Obra | H25: marcos.batista | I25: 395mb!@ | J25: =TEXT(RANDBETWEEN(1,999),"000") & LEFT(H25,1) & MID(H25,FIND(".",H25,1)+1,1) & "!@" -> 903mb!@ | K25: ="Update QuestRH_Pessoas set Senha = '" & I25 & "' Where Nome = '" & A25 & "';" -> Update QuestRH_Pessoas set Senha = '395mb!@' Where Nome = 'Marcos Batista'; | L25: 395mb!@
A26: Marcelo Apolinario Fernandes da Silva | B26: marcelo.silva@enind.com.br | C26: 103009 | D26: Associado | E26: Sede | H26: marcelo.silva | I26: 584ms!@ | J26: =TEXT(RANDBETWEEN(1,999),"000") & LEFT(H26,1) & MID(H26,FIND(".",H26,1)+1,1) & "!@" -> 055ms!@ | K26: ="Update QuestRH_Pessoas set Senha = '" & I26 & "' Where Nome = '" & A26 & "';" -> Update QuestRH_Pessoas set Senha = '584ms!@' Where Nome = 'Marcelo Apolinario Fernandes da Silva'; | L26: 584ms!@
A27: Lucio dos Santos Farias | B27: lucio.farias@enind.com.br | C27: 101004 | D27: Analista Tecnico III | E27: Sede | H27: lucio.farias | I27: 462lf!@ | J27: =TEXT(RANDBETWEEN(1,999),"000") & LEFT(H27,1) & MID(H27,FIND(".",H27,1)+1,1) & "!@" -> 286lf!@ | K27: ="Update QuestRH_Pessoas set Senha = '" & I27 & "' Where Nome = '" & A27 & "';" -> Update QuestRH_Pessoas set Senha = '462lf!@' Where Nome = 'Lucio dos Santos Farias'; | L27: 462lf!@
A28: Luciano Aparecido Bastos | B28: luciano.bastos@enind.com.br | C28: 50000103 | D28: Coordenador I - Logistica | E28: Depósito | H28: luciano.bastos | I28: 428lb!@ | J28: =TEXT(RANDBETWEEN(1,999),"000") & LEFT(H28,1) & MID(H28,FIND(".",H28,1)+1,1) & "!@" -> 620lb!@ | K28: ="Update QuestRH_Pessoas set Senha = '" & I28 & "' Where Nome = '" & A28 & "';" -> Update QuestRH_Pessoas set Senha = '428lb!@' Where Nome = 'Luciano Aparecido Bastos'; | L28: 428lb!@
A29: Lucas Ramos de Almeida Pasquantonio | B29: lucas.almeida@enind.com.br | C29: 103009 | D29: Associado | E29: Sede | H29: lucas.almeida | I29: 339la!@ | J29: =TEXT(RANDBETWEEN(1,999),"000") & LEFT(H29,1) & MID(H29,FIND(".",H29,1)+1,1) & "!@" -> 148la!@ | K29: ="Update QuestRH_Pessoas set Senha = '" & I29 & "' Where Nome = '" & A29 & "';" -> Update QuestRH_Pessoas set Senha = '339la!@' Where Nome = 'Lucas Ramos de Almeida Pasquantonio'; | L29: 339la!@
A30: Luana Eugenio da Silva | B30: luana.silva@enind.com.br | C30: 50000993 | D30: Encarregado Administrativo II | E30: Obra | H30: luana.silva | I30: 292ls!@ | J30: =TEXT(RANDBETWEEN(1,999),"000") & LEFT(H30,1) & MID(H30,FIND(".",H30,1)+1,1) & "!@" -> 833ls!@ | K30: ="Update QuestRH_Pessoas set Senha = '" & I30 & "' Where Nome = '" & A30 & "';" -> Update QuestRH_Pessoas set Senha = '292ls!@' Where Nome = 'Luana Eugenio da Silva'; | L30: 292ls!@
A31: Juliana Matos Santos | B31: juliana.santos@enind.com.br | C31: 50000993 | D31: Coordenador I - Segurança do Trabalho | E31: Obra | H31: juliana.santos | I31: 780js!@ | J31: =TEXT(RANDBETWEEN(1,999),"000") & LEFT(H31,1) & MID(H31,FIND(".",H31,1)+1,1) & "!@" -> 872js!@ | K31: ="Update QuestRH_Pessoas set Senha = '" & I31 & "' Where Nome = '" & A31 & "';" -> Update QuestRH_Pessoas set Senha = '780js!@' Where Nome = 'Juliana Matos Santos'; | L31: 780js!@
A32: Juliana Fogagnolo Melo Loiola | B32: juliana.melo@enind.com.br | C32: 103002 | D32: Analista Contabil II | E32: Sede | H32: juliana.melo | I32: 759jm!@ | J32: =TEXT(RANDBETWEEN(1,999),"000") & LEFT(H32,1) & MID(H32,FIND(".",H32,1)+1,1) & "!@" -> 188jm!@ | K32: ="Update QuestRH_Pessoas set Senha = '" & I32 & "' Where Nome = '" & A32 & "';" -> Update QuestRH_Pessoas set Senha = '759jm!@' Where Nome = 'Juliana Fogagnolo Melo Loiola'; | L32: 759jm!@
A33: Jose Roberto Fernandes Alves | B33: jose.alves@enind.com.br | C33: 50000981 | D33: Supervisor de Obras II | E33: Obra | H33: jose.alves | I33: 882ja!@ | J33: =TEXT(RANDBETWEEN(1,999),"000") & LEFT(H33,1) & MID(H33,FIND(".",H33,1)+1,1) & "!@" -> 367ja!@ | K33: ="Update QuestRH_Pessoas set Senha = '" & I33 & "' Where Nome = '" & A33 & "';" -> Update QuestRH_Pessoas set Senha = '882ja!@' Where Nome = 'Jose Roberto Fernandes Alves'; | L33: 882ja!@
A34: Joaquim Pinto de Souza | B34: joaquim.souza@enind.com.br | C34: 103002 | D34: Associado | E34: Sede | H34: joaquim.souza | I34: 005js!@ | J34: =TEXT(RANDBETWEEN(1,999),"000") & LEFT(H34,1) & MID(H34,FIND(".",H34,1)+1,1) & "!@" -> 810js!@ | K34: ="Update QuestRH_Pessoas set Senha = '" & I34 & "' Where Nome = '" & A34 & "';" -> Update QuestRH_Pessoas set Senha = '005js!@' Where Nome = 'Joaquim Pinto de Souza'; | L34: 005js!@
A35: João Fernandes | B35: joão.fernandes@enind.com.br | C35: 50000121 | D35: Gerente Operacional | E35: Obra | H35: joão.fernandes | I35: 973jf!@ | J35: =TEXT(RANDBETWEEN(1,999),"000") & LEFT(H35,1) & MID(H35,FIND(".",H35,1)+1,1) & "!@" -> 888jf!@ | K35: ="Update QuestRH_Pessoas set Senha = '" & I35 & "' Where Nome = '" & A35 & "';" -> Update QuestRH_Pessoas set Senha = '973jf!@' Where Nome = 'João Fernandes'; | L35: 973jf!@
A36: Jean Carlos da Rocha | B36: jean.rocha@enind.com.br | C36: 50000955 | D36: Gerente de Obras III | E36: Obra | H36: jean.rocha | I36: 909jr!@ | J36: =TEXT(RANDBETWEEN(1,999),"000") & LEFT(H36,1) & MID(H36,FIND(".",H36,1)+1,1) & "!@" -> 012jr!@ | K36: ="Update QuestRH_Pessoas set Senha = '" & I36 & "' Where Nome = '" & A36 & "';" -> Update QuestRH_Pessoas set Senha = '909jr!@' Where Nome = 'Jean Carlos da Rocha'; | L36: 909jr!@
A37: Janderson Cunha Alves | B37: janderson.alves@enindservicos.com.br | C37: 50000118 | D37: Tecnico de O&M II | E37: Obra | H37: janderson.alves | I37: 834ja!@ | J37: =TEXT(RANDBETWEEN(1,999),"000") & LEFT(H37,1) & MID(H37,FIND(".",H37,1)+1,1) & "!@" -> 713ja!@ | K37: ="Update QuestRH_Pessoas set Senha = '" & I37 & "' Where Nome = '" & A37 & "';" -> Update QuestRH_Pessoas set Senha = '834ja!@' Where Nome = 'Janderson Cunha Alves'; | L37: 834ja!@
... A64: Adenilson Lopes de Castro | B64: adenilson.castro@enind.com.br | C64: 50000990 | D64: Supervisor de Obras II | E64: Obra | H64: adenilson.castro | I64: 049ac!@ | J64: =TEXT(RANDBETWEEN(1,999),"000") & LEFT(H64,1) & MID(H64,FIND(".",H64,1)+1,1) & "!@" -> 043ac!@ | K64: ="Update QuestRH_Pessoas set Senha = '" & I64 & "' Where Nome = '" & A64 & "';" -> Update QuestRH_Pessoas set Senha = '049ac!@' Where Nome = 'Adenilson Lopes de Castro'; | L64: 049ac!@
A65: Adelmo Alves de Sousa | C65: 50000996 | D65: Eletricista Especialista I | E65: Obra | F65: 257.894.493-87 | G65: 24262 | H65: adelmo.sousa | I65: 752as!@ | J65: =TEXT(RANDBETWEEN(1,999),"000") & LEFT(H65,1) & MID(H65,FIND(".",H65,1)+1,1) & "!@" -> 937as!@ | K65: ="Update QuestRH_Pessoas set Senha = '" & I65 & "' Where Nome = '" & A65 & "';" -> Update QuestRH_Pessoas set Senha = '752as!@' Where Nome = 'Adelmo Alves de Sousa'; | L65: 752as!@
A66: Anderson Domingues da Silva | B66: anderson.domingues@enind.com.br | C66: 102003 | D66: Associado | E66: Sede | H66: anderson.domingues | I66: 010ad!@ | J66: =TEXT(RANDBETWEEN(1,999),"000") & LEFT(H66,1) & MID(H66,FIND(".",H66,1)+1,1) & "!@" -> 759ad!@ | K66: ="Update QuestRH_Pessoas set Senha = '" & I66 & "' Where Nome = '" & A66 & "';" -> Update QuestRH_Pessoas set Senha = '010ad!@' Where Nome = 'Anderson Domingues da Silva'; | L66: 010ad!@
A67: Antonio Benedito Filho | C67: 50000955 | D67: Eletricista Especialista I | E67: Obra | F67: 240.432.815-87 | G67: 22588 | H67: antonio.filho | I67: 897af!@ | J67: =TEXT(RANDBETWEEN(1,999),"000") & LEFT(H67,1) & MID(H67,FIND(".",H67,1)+1,1) & "!@" -> 822af!@ | K67: ="Update QuestRH_Pessoas set Senha = '" & I67 & "' Where Nome = '" & A67 & "';" -> Update QuestRH_Pessoas set Senha = '897af!@' Where Nome = 'Antonio Benedito Filho'; | L67: 897af!@
A68: Antonio Fabio da Cunha Povoas | C68: 50000996 | D68: Encarregado Civil III | E68: Obra | F68: 257.453.953-20 | G68: 23142 | H68: antonio.povoas | I68: 893ap!@ | J68: =TEXT(RANDBETWEEN(1,999),"000") & LEFT(H68,1) & MID(H68,FIND(".",H68,1)+1,1) & "!@" -> 192ap!@ | K68: ="Update QuestRH_Pessoas set Senha = '" & I68 & "' Where Nome = '" & A68 & "';" -> Update QuestRH_Pessoas set Senha = '893ap!@' Where Nome = 'Antonio Fabio da Cunha Povoas'; | L68: 893ap!@
A69: Antonio Felix de Lima | C69: 50000990 | D69: Encarregado de Eletrica I | E69: Obra | F69: 043.593.464-33 | G69: 29823 | H69: antonio.lima | I69: 034al!@ | J69: =TEXT(RANDBETWEEN(1,999),"000") & LEFT(H69,1) & MID(H69,FIND(".",H69,1)+1,1) & "!@" -> 988al!@ | K69: ="Update QuestRH_Pessoas set Senha = '" & I69 & "' Where Nome = '" & A69 & "';" -> Update QuestRH_Pessoas set Senha = '034al!@' Where Nome = 'Antonio Felix de Lima'; | L69: 034al!@
A70: Antonio Marcos da Cruz Sousa | C70: 50001003 | D70: Montador Especialista I | E70: Obra | F70: 030.920.154-36 | G70: 28654 | H70: antonio.sousa | I70: 721as!@ | J70: =TEXT(RANDBETWEEN(1,999),"000") & LEFT(H70,1) & MID(H70,FIND(".",H70,1)+1,1) & "!@" -> 215as!@ | K70: ="Update QuestRH_Pessoas set Senha = '" & I70 & "' Where Nome = '" & A70 & "';" -> Update QuestRH_Pessoas set Senha = '721as!@' Where Nome = 'Antonio Marcos da Cruz Sousa'; | L70: 721as!@
A71: Arnaldo da Silva Teixeira | C71: 50000996 | D71: Montador Especialista I | E71: Obra | F71: 028.818.173-51 | G71: 31010 | H71: arnaldo.teixeira | I71: 745at!@ | J71: =TEXT(RANDBETWEEN(1,999),"000") & LEFT(H71,1) & MID(H71,FIND(".",H71,1)+1,1) & "!@" -> 301at!@ | K71: ="Update QuestRH_Pessoas set Senha = '" & I71 & "' Where Nome = '" & A71 & "';" -> Update QuestRH_Pessoas set Senha = '745at!@' Where Nome = 'Arnaldo da Silva Teixeira'; | L71: 745at!@
A72: Cicero Luis De Melo | C72: 50000955 | D72: Eletricista Especialista I | E72: Obra | F72: 086.792.344-00 | G72: 32418 | H72: cicero.melo | I72: 003cm!@ | J72: =TEXT(RANDBETWEEN(1,999),"000") & LEFT(H72,1) & MID(H72,FIND(".",H72,1)+1,1) & "!@" -> 555cm!@ | K72: ="Update QuestRH_Pessoas set Senha = '" & I72 & "' Where Nome = '" & A72 & "';" -> Update QuestRH_Pessoas set Senha = '003cm!@' Where Nome = 'Cicero Luis De Melo'; | L72: 003cm!@
A73: Damiao Amancio de Souza | C73: 50000974 | D73: Mecanico Montador Especialista II | E73: Obra | F73: 024.937.014-02 | G73: 28409 | H73: damiao.souza | I73: 505ds!@ | J73: =TEXT(RANDBETWEEN(1,999),"000") & LEFT(H73,1) & MID(H73,FIND(".",H73,1)+1,1) & "!@" -> 392ds!@ | K73: ="Update QuestRH_Pessoas set Senha = '" & I73 & "' Where Nome = '" & A73 & "';" -> Update QuestRH_Pessoas set Senha = '505ds!@' Where Nome = 'Damiao Amancio de Souza'; | L73: 505ds!@
A74: David Ewerton Lourenco dos Santos Silva | C74: 50000955 | D74: Encarregado Civil I | E74: Obra | F74: 081.892.364-40 | G74: 31948 | H74: david.silva | I74: 652ds!@ | J74: =TEXT(RANDBETWEEN(1,999),"000") & LEFT(H74,1) & MID(H74,FIND(".",H74,1)+1,1) & "!@" -> 181ds!@ | K74: ="Update QuestRH_Pessoas set Senha = '" & I74 & "' Where Nome = '" & A74 & "';" -> Update QuestRH_Pessoas set Senha = '652ds!@' Where Nome = 'David Ewerton Lourenco dos Santos Silva'; | L74: 652ds!@
A75: Deijanes Ferreira Costa | C75: 50000993 | D75: Eletricista Especialista I | E75: Obra | F75: 927.589.243-15 | G75: 29938 | H75: deijanes.costa | I75: 530dc!@ | J75: =TEXT(RANDBETWEEN(1,999),"000") & LEFT(H75,1) & MID(H75,FIND(".",H75,1)+1,1) & "!@" -> 938dc!@ | K75: ="Update QuestRH_Pessoas set Senha = '" & I75 & "' Where Nome = '" & A75 & "';" -> Update QuestRH_Pessoas set Senha = '530dc!@' Where Nome = 'Deijanes Ferreira Costa'; | L75: 530dc!@
A76: Devani Guedes de Carvalho Dantas | C76: 50000996 | D76: Encarregado Civil I | E76: Obra | F76: 311.184.348-38 | G76: 29604 | H76: devani.dantas | I76: 180dd!@ | J76: =TEXT(RANDBETWEEN(1,999),"000") & LEFT(H76,1) & MID(H76,FIND(".",H76,1)+1,1) & "!@" -> 661dd!@ | K76: ="Update QuestRH_Pessoas set Senha = '" & I76 & "' Where Nome = '" & A76 & "';" -> Update QuestRH_Pessoas set Senha = '180dd!@' Where Nome = 'Devani Guedes de Carvalho Dantas'; | L76: 180dd!@
A77: Devanir Pereira Magalhaes | C77: 50000996 | D77: Motorista Munck Especialista I | E77: Obra | F77: 929.071.647-91 | G77: 24629 | H77: devanir.magalhaes | I77: 639dm!@ | J77: =TEXT(RANDBETWEEN(1,999),"000") & LEFT(H77,1) & MID(H77,FIND(".",H77,1)+1,1) & "!@" -> 034dm!@ | K77: ="Update QuestRH_Pessoas set Senha = '" & I77 & "' Where Nome = '" & A77 & "';" -> Update QuestRH_Pessoas set Senha = '639dm!@' Where Nome = 'Devanir Pereira Magalhaes'; | L77: 639dm!@
A78: Elias Cesario Gomes | C78: 50000974 | D78: Encarregado de Eletrica II | E78: Obra | F78: 269.618.428-36 | G78: 28408 | H78: elias.gomes | I78: 752eg!@ | J78: =TEXT(RANDBETWEEN(1,999),"000") & LEFT(H78,1) & MID(H78,FIND(".",H78,1)+1,1) & "!@" -> 978eg!@ | K78: ="Update QuestRH_Pessoas set Senha = '" & I78 & "' Where Nome = '" & A78 & "';" -> Update QuestRH_Pessoas set Senha = '752eg!@' Where Nome = 'Elias Cesario Gomes'; | L78: 752eg!@
A79: Esmael da Silva Ribeiro | C79: 50000974 | D79: Encarregado de Montagem I | E79: Obra | F79: 027.051.282-98 | G79: 35185 | H79: esmael.ribeiro | I79: 882er!@ | J79: =TEXT(RANDBETWEEN(1,999),"000") & LEFT(H79,1) & MID(H79,FIND(".",H79,1)+1,1) & "!@" -> 430er!@ | K79: ="Update QuestRH_Pessoas set Senha = '" & I79 & "' Where Nome = '" & A79 & "';" -> Update QuestRH_Pessoas set Senha = '882er!@' Where Nome = 'Esmael da Silva Ribeiro'; | L79: 882er!@
A80: Everaldo Matias Pontes | B80: everaldo.pontes@enind.com.br | C80: 103009 | D80: Associado | E80: Sede | H80: everaldo.pontes | I80: 974ep!@ | J80: =TEXT(RANDBETWEEN(1,999),"000") & LEFT(H80,1) & MID(H80,FIND(".",H80,1)+1,1) & "!@" -> 668ep!@ | K80: ="Update QuestRH_Pessoas set Senha = '" & I80 & "' Where Nome = '" & A80 & "';" -> Update QuestRH_Pessoas set Senha = '974ep!@' Where Nome = 'Everaldo Matias Pontes'; | L80: 974ep!@
A81: Fabiano Brenno de Sousa | B81: fabiano.sousa@enind.com.br | C81: 50000990 | D81: Tecnico de Seguranca do Trabalho III | E81: Obra | H81: fabiano.sousa | I81: 668fs!@ | J81: =TEXT(RANDBETWEEN(1,999),"000") & LEFT(H81,1) & MID(H81,FIND(".",H81,1)+1,1) & "!@" -> 333fs!@ | K81: ="Update QuestRH_Pessoas set Senha = '" & I81 & "' Where Nome = '" & A81 & "';" -> Update QuestRH_Pessoas set Senha = '668fs!@' Where Nome = 'Fabiano Brenno de Sousa'; | L81: 668fs!@
A82: Fabio de Oliveira Serejo | C82: 50000996 | D82: Encarregado de Montagem I | E82: Obra | F82: 868.622.003-72 | G82: 28720 | H82: fabio.serejo | I82: 784fs!@ | J82: =TEXT(RANDBETWEEN(1,999),"000") & LEFT(H82,1) & MID(H82,FIND(".",H82,1)+1,1) & "!@" -> 682fs!@ | K82: ="Update QuestRH_Pessoas set Senha = '" & I82 & "' Where Nome = '" & A82 & "';" -> Update QuestRH_Pessoas set Senha = '784fs!@' Where Nome = 'Fabio de Oliveira Serejo'; | L82: 784fs!@
A83: Fabio Donizete de Oliveira | C83: 50000974 | D83: Encarregado de Eletrica II | E83: Obra | F83: 786.661.396-68 | G83: 24900 | H83: fabio.oliveira | I83: 747fo!@ | J83: =TEXT(RANDBETWEEN(1,999),"000") & LEFT(H83,1) & MID(H83,FIND(".",H83,1)+1,1) & "!@" -> 230fo!@ | K83: ="Update QuestRH_Pessoas set Senha = '" & I83 & "' Where Nome = '" & A83 & "';" -> Update QuestRH_Pessoas set Senha = '747fo!@' Where Nome = 'Fabio Donizete de Oliveira'; | L83: 747fo!@
A84: Goncalo Manoel da Silva | C84: 50000996 | D84: Eletricista Especialista I | E84: Obra | F84: 443.282.736-04 | G84: 22986 | H84: goncalo.silva | I84: 712gs!@ | J84: =TEXT(RANDBETWEEN(1,999),"000") & LEFT(H84,1) & MID(H84,FIND(".",H84,1)+1,1) & "!@" -> 388gs!@ | K84: ="Update QuestRH_Pessoas set Senha = '" & I84 & "' Where Nome = '" & A84 & "';" -> Update QuestRH_Pessoas set Senha = '712gs!@' Where Nome = 'Goncalo Manoel da Silva'; | L84: 712gs!@
A85: Guilherme Sala Silva | B85: guilherme.silva@enind.com.br | C85: 103003 | D85: Analista Juridico III | E85: Sede | H85: guilherme.silva | I85: 942gs!@ | J85: =TEXT(RANDBETWEEN(1,999),"000") & LEFT(H85,1) & MID(H85,FIND(".",H85,1)+1,1) & "!@" -> 681gs!@ | K85: ="Update QuestRH_Pessoas set Senha = '" & I85 & "' Where Nome = '" & A85 & "';" -> Update QuestRH_Pessoas set Senha = '942gs!@' Where Nome = 'Guilherme Sala Silva'; | L85: 942gs!@
A86: Italo Cesar Andrade | B86: italo.andrade@enind.com.br | C86: 50000974 | D86: Tecnico de Seguranca do Trabalho III | E86: Obra | H86: italo.andrade | I86: 697ia!@ | J86: =TEXT(RANDBETWEEN(1,999),"000") & LEFT(H86,1) & MID(H86,FIND(".",H86,1)+1,1) & "!@" -> 830ia!@ | K86: ="Update QuestRH_Pessoas set Senha = '" & I86 & "' Where Nome = '" & A86 & "';" -> Update QuestRH_Pessoas set Senha = '697ia!@' Where Nome = 'Italo Cesar Andrade'; | L86: 697ia!@
A87: Izaias da Silva Santos | C87: 50000990 | D87: Montador Especialista I | E87: Obra | F87: 005.796.995-79 | G87: 29528 | H87: izaias.santos | I87: 959is!@ | J87: =TEXT(RANDBETWEEN(1,999),"000") & LEFT(H87,1) & MID(H87,FIND(".",H87,1)+1,1) & "!@" -> 266is!@ | K87: ="Update QuestRH_Pessoas set Senha = '" & I87 & "' Where Nome = '" & A87 & "';" -> Update QuestRH_Pessoas set Senha = '959is!@' Where Nome = 'Izaias da Silva Santos'; | L87: 959is!@
A88: James Alembert Custodio | C88: 50000981 | D88: Encarregado Civil II | E88: Obra | F88: 030.364.474-58 | G88: 28415 | H88: james.custodio | I88: 519jc!@ | J88: =TEXT(RANDBETWEEN(1,999),"000") & LEFT(H88,1) & MID(H88,FIND(".",H88,1)+1,1) & "!@" -> 137jc!@ | K88: ="Update QuestRH_Pessoas set Senha = '" & I88 & "' Where Nome = '" & A88 & "';" -> Update QuestRH_Pessoas set Senha = '519jc!@' Where Nome = 'James Alembert Custodio'; | L88: 519jc!@
A89: João Fernandes | B89: joao.fernandes@enind.com.br | C89: 103017 | D89: Associado | E89: Depósito | H89: joao.fernandes | I89: 629jf!@ | J89: =TEXT(RANDBETWEEN(1,999),"000") & LEFT(H89,1) & MID(H89,FIND(".",H89,1)+1,1) & "!@" -> 534jf!@ | K89: ="Update QuestRH_Pessoas set Senha = '" & I89 & "' Where Nome = '" & A89 & "';" -> Update QuestRH_Pessoas set Senha = '629jf!@' Where Nome = 'João Fernandes'; | L89: 629jf!@
A90: Joao Herlandio Da Silva | C90: 50000996 | D90: Encarregado de Montagem III | E90: Obra | F90: 043.054.914-86 | G90: 30508 | H90: joao.silva | I90: 878js!@ | J90: =TEXT(RANDBETWEEN(1,999),"000") & LEFT(H90,1) & MID(H90,FIND(".",H90,1)+1,1) & "!@" -> 538js!@ | K90: ="Update QuestRH_Pessoas set Senha = '" & I90 & "' Where Nome = '" & A90 & "';" -> Update QuestRH_Pessoas set Senha = '878js!@' Where Nome = 'Joao Herlandio Da Silva'; | L90: 878js!@
A91: Jose Cicero da Silva | C91: 50000990 | D91: Montador Especialista I | E91: Obra | F91: 069.265.104-74 | G91: 34648 | H91: jose.silva | I91: 153js!@ | J91: =TEXT(RANDBETWEEN(1,999),"000") & LEFT(H91,1) & MID(H91,FIND(".",H91,1)+1,1) & "!@" -> 428js!@ | K91: ="Update QuestRH_Pessoas set Senha = '" & I91 & "' Where Nome = '" & A91 & "';" -> Update QuestRH_Pessoas set Senha = '153js!@' Where Nome = 'Jose Cicero da Silva'; | L91: 153js!@
A92: Jose Cicero Paulo da Silva | C92: 103017 | D92: Montador Especialista I | E92: Depósito | F92: 147.508.028-08 | G92: 26709 | H92: jose.paulo | I92: 673jp!@ | J92: =TEXT(RANDBETWEEN(1,999),"000") & LEFT(H92,1) & MID(H92,FIND(".",H92,1)+1,1) & "!@" -> 574jp!@ | K92: ="Update QuestRH_Pessoas set Senha = '" & I92 & "' Where Nome = '" & A92 & "';" -> Update QuestRH_Pessoas set Senha = '673jp!@' Where Nome = 'Jose Cicero Paulo da Silva'; | L92: 673jp!@
A93: Jose da Paz Bezarrias Silva | C93: 50000995 | D93: Encarregado de Eletrica III | E93: Obra | F93: 600.570.924-00 | G93: 25031 | H93: jose.paz | I93: 834jp!@ | J93: =TEXT(RANDBETWEEN(1,999),"000") & LEFT(H93,1) & MID(H93,FIND(".",H93,1)+1,1) & "!@" -> 141jp!@ | K93: ="Update QuestRH_Pessoas set Senha = '" & I93 & "' Where Nome = '" & A93 & "';" -> Update QuestRH_Pessoas set Senha = '834jp!@' Where Nome = 'Jose da Paz Bezarrias Silva'; | L93: 834jp!@
A94: Jose Luiz de Melo | C94: 50000990 | D94: Montador Especialista I | E94: Obra | F94: 041.268.354-74 | G94: 28945 | H94: jose.melo | I94: 455jm!@ | J94: =TEXT(RANDBETWEEN(1,999),"000") & LEFT(H94,1) & MID(H94,FIND(".",H94,1)+1,1) & "!@" -> 164jm!@ | K94: ="Update QuestRH_Pessoas set Senha = '" & I94 & "' Where Nome = '" & A94 & "';" -> Update QuestRH_Pessoas set Senha = '455jm!@' Where Nome = 'Jose Luiz de Melo'; | L94: 455jm!@
A95: Jose Manoel da Silva | C95: 50000990 | D95: Montador Especialista I | E95: Obra | F95: 458.922.024-53 | G95: 23920 | H95: jose.manoel | I95: 226jm!@ | J95: =TEXT(RANDBETWEEN(1,999),"000") & LEFT(H95,1) & MID(H95,FIND(".",H95,1)+1,1) & "!@" -> 407jm!@ | K95: ="Update QuestRH_Pessoas set Senha = '" & I95 & "' Where Nome = '" & A95 & "';" -> Update QuestRH_Pessoas set Senha = '226jm!@' Where Nome = 'Jose Manoel da Silva'; | L95: 226jm!@
